-- See bug 1721: https://mifos.dev.java.net/issues/show_bug.cgi?id=1721
INSERT INTO LOOKUP_VALUE(LOOKUP_ID,ENTITY_ID,LOOKUP_NAME) VALUES(505, 87, 'Permissions-CanViewClientSummaryHistoryReport');
INSERT INTO LOOKUP_VALUE_LOCALE(LOOKUP_VALUE_ID,LOCALE_ID,LOOKUP_ID,LOOKUP_VALUE) VALUES(843, 1, 505, NULL);
INSERT INTO LOOKUP_VALUE(LOOKUP_ID,ENTITY_ID,LOOKUP_NAME) VALUES(506, 87, 'Permissions-CanViewClientProductWiseHistoryReport');
INSERT INTO LOOKUP_VALUE_LOCALE(LOOKUP_VALUE_ID,LOCALE_ID,LOOKUP_ID,LOOKUP_VALUE) VALUES(844, 1, 506, NULL);
INSERT INTO LOOKUP_VALUE(LOOKUP_ID,ENTITY_ID,LOOKUP_NAME) VALUES(507, 87, 'Permissions-CanViewClientSettlementInfoReport');
INSERT INTO LOOKUP_VALUE_LOCALE(LOOKUP_VALUE_ID,LOCALE_ID,LOOKUP_ID,LOOKUP_VALUE) VALUES(845, 1, 507, NULL);
INSERT INTO LOOKUP_VALUE(LOOKUP_ID,ENTITY_ID,LOOKUP_NAME) VALUES(508, 87, 'Permissions-CanViewClientLoanRepaymentSchedule');
INSERT INTO LOOKUP_VALUE_LOCALE(LOOKUP_VALUE_ID,LOCALE_ID,LOOKUP_ID,LOOKUP_VALUE) VALUES(846, 1, 508, NULL);
INSERT INTO LOOKUP_VALUE(LOOKUP_ID,ENTITY_ID,LOOKUP_NAME) VALUES(509, 87, 'Permissions-CanViewClientFeesChargesAndPenaltiesReport');
INSERT INTO LOOKUP_VALUE_LOCALE(LOOKUP_VALUE_ID,LOCALE_ID,LOOKUP_ID,LOOKUP_VALUE) VALUES(847, 1, 509, NULL);
INSERT INTO LOOKUP_VALUE(LOOKUP_ID,ENTITY_ID,LOOKUP_NAME) VALUES(510, 87, 'Permissions-CanViewClientPendingApprovalReport');
INSERT INTO LOOKUP_VALUE_LOCALE(LOOKUP_VALUE_ID,LOCALE_ID,LOOKUP_ID,LOOKUP_VALUE) VALUES(848, 1, 510, NULL);
INSERT INTO LOOKUP_VALUE(LOOKUP_ID,ENTITY_ID,LOOKUP_NAME) VALUES(511, 87, 'Permissions-CanViewClientsWithoutSavingsAccount');
INSERT INTO LOOKUP_VALUE_LOCALE(LOOKUP_VALUE_ID,LOCALE_ID,LOOKUP_ID,LOOKUP_VALUE) VALUES(849, 1, 511, NULL);
INSERT INTO LOOKUP_VALUE(LOOKUP_ID,ENTITY_ID,LOOKUP_NAME) VALUES(512, 87, 'Permissions-CanViewCollectionSheet');
INSERT INTO LOOKUP_VALUE_LOCALE(LOOKUP_VALUE_ID,LOCALE_ID,LOOKUP_ID,LOOKUP_VALUE) VALUES(850, 1, 512, NULL);
INSERT INTO LOOKUP_VALUE(LOOKUP_ID,ENTITY_ID,LOOKUP_NAME) VALUES(513, 87, 'Permissions-CanViewDailyCashConfirmationReportStaffWise');
INSERT INTO LOOKUP_VALUE_LOCALE(LOOKUP_VALUE_ID,LOCALE_ID,LOOKUP_ID,LOOKUP_VALUE) VALUES(851, 1, 513, NULL);
INSERT INTO LOOKUP_VALUE(LOOKUP_ID,ENTITY_ID,LOOKUP_NAME) VALUES(514, 87, 'Permissions-CanViewDailyCashFlowReportBranch');
INSERT INTO LOOKUP_VALUE_LOCALE(LOOKUP_VALUE_ID,LOCALE_ID,LOOKUP_ID,LOOKUP_VALUE) VALUES(852, 1, 514, NULL);
INSERT INTO LOOKUP_VALUE(LOOKUP_ID,ENTITY_ID,LOOKUP_NAME) VALUES(515, 87, 'Permissions-CanViewFundRequirementReport');
INSERT INTO LOOKUP_VALUE_LOCALE(LOOKUP_VALUE_ID,LOCALE_ID,LOOKUP_ID,LOOKUP_VALUE) VALUES(853, 1, 515, NULL);
INSERT INTO LOOKUP_VALUE(LOOKUP_ID,ENTITY_ID,LOOKUP_NAME) VALUES(516, 87, 'Permissions-CanViewDailyTransactionSummaryReport');
INSERT INTO LOOKUP_VALUE_LOCALE(LOOKUP_VALUE_ID,LOCALE_ID,LOOKUP_ID,LOOKUP_VALUE) VALUES(854, 1, 516, NULL);
INSERT INTO LOOKUP_VALUE(LOOKUP_ID,ENTITY_ID,LOOKUP_NAME) VALUES(517, 87, 'Permissions-CanViewBranchPerformanceStatusReport');
INSERT INTO LOOKUP_VALUE_LOCALE(LOOKUP_VALUE_ID,LOCALE_ID,LOOKUP_ID,LOOKUP_VALUE) VALUES(855, 1, 517, NULL);
INSERT INTO LOOKUP_VALUE(LOOKUP_ID,ENTITY_ID,LOOKUP_NAME) VALUES(518, 87, 'Permissions-CanViewAreaPerformanceStatusReport');
INSERT INTO LOOKUP_VALUE_LOCALE(LOOKUP_VALUE_ID,LOCALE_ID,LOOKUP_ID,LOOKUP_VALUE) VALUES(856, 1, 518, NULL);
INSERT INTO LOOKUP_VALUE(LOOKUP_ID,ENTITY_ID,LOOKUP_NAME) VALUES(519, 87, 'Permissions-CanViewDivisionPerformanceStatusReport');
INSERT INTO LOOKUP_VALUE_LOCALE(LOOKUP_VALUE_ID,LOCALE_ID,LOOKUP_ID,LOOKUP_VALUE) VALUES(857, 1, 519, NULL);
INSERT INTO LOOKUP_VALUE(LOOKUP_ID,ENTITY_ID,LOOKUP_NAME) VALUES(520, 87, 'Permissions-CanViewRegionPerformanceStatusReport');
INSERT INTO LOOKUP_VALUE_LOCALE(LOOKUP_VALUE_ID,LOCALE_ID,LOOKUP_ID,LOOKUP_VALUE) VALUES(858, 1, 520, NULL);
INSERT INTO LOOKUP_VALUE(LOOKUP_ID,ENTITY_ID,LOOKUP_NAME) VALUES(521, 87, 'Permissions-CanViewGrameenKootaPerformanceStatusReport');
INSERT INTO LOOKUP_VALUE_LOCALE(LOOKUP_VALUE_ID,LOCALE_ID,LOOKUP_ID,LOOKUP_VALUE) VALUES(859, 1, 521, NULL);
INSERT INTO LOOKUP_VALUE(LOOKUP_ID,ENTITY_ID,LOOKUP_NAME) VALUES(522, 87, 'Permissions-CanViewStaffPerformanceReport');
INSERT INTO LOOKUP_VALUE_LOCALE(LOOKUP_VALUE_ID,LOCALE_ID,LOOKUP_ID,LOOKUP_VALUE) VALUES(860, 1, 522, NULL);
INSERT INTO LOOKUP_VALUE(LOOKUP_ID,ENTITY_ID,LOOKUP_NAME) VALUES(523, 87, 'Permissions-CanViewOutreachReport');
INSERT INTO LOOKUP_VALUE_LOCALE(LOOKUP_VALUE_ID,LOCALE_ID,LOOKUP_ID,LOOKUP_VALUE) VALUES(861, 1, 523, NULL);
INSERT INTO LOOKUP_VALUE(LOOKUP_ID,ENTITY_ID,LOOKUP_NAME) VALUES(524, 87, 'Permissions-CanViewCenterSummaryReport');
INSERT INTO LOOKUP_VALUE_LOCALE(LOOKUP_VALUE_ID,LOCALE_ID,LOOKUP_ID,LOOKUP_VALUE) VALUES(862, 1, 524, NULL);
INSERT INTO LOOKUP_VALUE(LOOKUP_ID,ENTITY_ID,LOOKUP_NAME) VALUES(525, 87, 'Permissions-CanViewLoanProductDistributionActivityWiseSizeWizeProductWiseSequencyWise');
INSERT INTO LOOKUP_VALUE_LOCALE(LOOKUP_VALUE_ID,LOCALE_ID,LOOKUP_ID,LOOKUP_VALUE) VALUES(863, 1, 525, NULL);
INSERT INTO LOOKUP_VALUE(LOOKUP_ID,ENTITY_ID,LOOKUP_NAME) VALUES(526, 87, 'Permissions-CanViewBranchDueDisbursementReport');
INSERT INTO LOOKUP_VALUE_LOCALE(LOOKUP_VALUE_ID,LOCALE_ID,LOOKUP_ID,LOOKUP_VALUE) VALUES(864, 1, 526, NULL);
INSERT INTO LOOKUP_VALUE(LOOKUP_ID,ENTITY_ID,LOOKUP_NAME) VALUES(527, 87, 'Permissions-CanViewLoansPendingApprovalReport');
INSERT INTO LOOKUP_VALUE_LOCALE(LOOKUP_VALUE_ID,LOCALE_ID,LOOKUP_ID,LOOKUP_VALUE) VALUES(865, 1, 527, NULL);
INSERT INTO LOOKUP_VALUE(LOOKUP_ID,ENTITY_ID,LOOKUP_NAME) VALUES(528, 87, 'Permissions-CanViewLoanAccountsReports');
INSERT INTO LOOKUP_VALUE_LOCALE(LOOKUP_VALUE_ID,LOCALE_ID,LOOKUP_ID,LOOKUP_VALUE) VALUES(866, 1, 528, NULL);
INSERT INTO LOOKUP_VALUE(LOOKUP_ID,ENTITY_ID,LOOKUP_NAME) VALUES(529, 87, 'Permissions-CanViewDailyPortfolioQualityDataReportAgingAnalysis');
INSERT INTO LOOKUP_VALUE_LOCALE(LOOKUP_VALUE_ID,LOCALE_ID,LOOKUP_ID,LOOKUP_VALUE) VALUES(867, 1, 529, NULL);
INSERT INTO LOOKUP_VALUE(LOOKUP_ID,ENTITY_ID,LOOKUP_NAME) VALUES(530, 87, 'Permissions-CanViewCenterMeetingSchedule');
INSERT INTO LOOKUP_VALUE_LOCALE(LOOKUP_VALUE_ID,LOCALE_ID,LOOKUP_ID,LOOKUP_VALUE) VALUES(868, 1, 530, NULL);

INSERT INTO ACTIVITY(ACTIVITY_ID,PARENT_ID,ACTIVITY_NAME_LOOKUP_ID,DESCRIPTION_LOOKUP_ID) VALUES(152,145,505,505 );
INSERT INTO ACTIVITY(ACTIVITY_ID,PARENT_ID,ACTIVITY_NAME_LOOKUP_ID,DESCRIPTION_LOOKUP_ID) VALUES(153,145,506,506 );
INSERT INTO ACTIVITY(ACTIVITY_ID,PARENT_ID,ACTIVITY_NAME_LOOKUP_ID,DESCRIPTION_LOOKUP_ID) VALUES(154,145,507,507 );
INSERT INTO ACTIVITY(ACTIVITY_ID,PARENT_ID,ACTIVITY_NAME_LOOKUP_ID,DESCRIPTION_LOOKUP_ID) VALUES(155,145,508,508 );
INSERT INTO ACTIVITY(ACTIVITY_ID,PARENT_ID,ACTIVITY_NAME_LOOKUP_ID,DESCRIPTION_LOOKUP_ID) VALUES(156,145,509,509 );
INSERT INTO ACTIVITY(ACTIVITY_ID,PARENT_ID,ACTIVITY_NAME_LOOKUP_ID,DESCRIPTION_LOOKUP_ID) VALUES(157,145,510,510 );
INSERT INTO ACTIVITY(ACTIVITY_ID,PARENT_ID,ACTIVITY_NAME_LOOKUP_ID,DESCRIPTION_LOOKUP_ID) VALUES(158,145,511,511 );
INSERT INTO ACTIVITY(ACTIVITY_ID,PARENT_ID,ACTIVITY_NAME_LOOKUP_ID,DESCRIPTION_LOOKUP_ID) VALUES(159,146,512,512 );
INSERT INTO ACTIVITY(ACTIVITY_ID,PARENT_ID,ACTIVITY_NAME_LOOKUP_ID,DESCRIPTION_LOOKUP_ID) VALUES(160,147,513,513 );
INSERT INTO ACTIVITY(ACTIVITY_ID,PARENT_ID,ACTIVITY_NAME_LOOKUP_ID,DESCRIPTION_LOOKUP_ID) VALUES(161,147,514,514 );
INSERT INTO ACTIVITY(ACTIVITY_ID,PARENT_ID,ACTIVITY_NAME_LOOKUP_ID,DESCRIPTION_LOOKUP_ID) VALUES(162,147,515,515 );
INSERT INTO ACTIVITY(ACTIVITY_ID,PARENT_ID,ACTIVITY_NAME_LOOKUP_ID,DESCRIPTION_LOOKUP_ID) VALUES(163,147,516,516 );
INSERT INTO ACTIVITY(ACTIVITY_ID,PARENT_ID,ACTIVITY_NAME_LOOKUP_ID,DESCRIPTION_LOOKUP_ID) VALUES(164,148,517,517 );
INSERT INTO ACTIVITY(ACTIVITY_ID,PARENT_ID,ACTIVITY_NAME_LOOKUP_ID,DESCRIPTION_LOOKUP_ID) VALUES(165,148,518,518 );
INSERT INTO ACTIVITY(ACTIVITY_ID,PARENT_ID,ACTIVITY_NAME_LOOKUP_ID,DESCRIPTION_LOOKUP_ID) VALUES(166,148,519,519 );
INSERT INTO ACTIVITY(ACTIVITY_ID,PARENT_ID,ACTIVITY_NAME_LOOKUP_ID,DESCRIPTION_LOOKUP_ID) VALUES(167,148,520,520 );
INSERT INTO ACTIVITY(ACTIVITY_ID,PARENT_ID,ACTIVITY_NAME_LOOKUP_ID,DESCRIPTION_LOOKUP_ID) VALUES(168,148,521,521 );
INSERT INTO ACTIVITY(ACTIVITY_ID,PARENT_ID,ACTIVITY_NAME_LOOKUP_ID,DESCRIPTION_LOOKUP_ID) VALUES(169,148,522,522 );
INSERT INTO ACTIVITY(ACTIVITY_ID,PARENT_ID,ACTIVITY_NAME_LOOKUP_ID,DESCRIPTION_LOOKUP_ID) VALUES(170,148,523,523 );
INSERT INTO ACTIVITY(ACTIVITY_ID,PARENT_ID,ACTIVITY_NAME_LOOKUP_ID,DESCRIPTION_LOOKUP_ID) VALUES(171,148,524,524 );
INSERT INTO ACTIVITY(ACTIVITY_ID,PARENT_ID,ACTIVITY_NAME_LOOKUP_ID,DESCRIPTION_LOOKUP_ID) VALUES(172,149,525,525 );
INSERT INTO ACTIVITY(ACTIVITY_ID,PARENT_ID,ACTIVITY_NAME_LOOKUP_ID,DESCRIPTION_LOOKUP_ID) VALUES(173,149,526,526 );
INSERT INTO ACTIVITY(ACTIVITY_ID,PARENT_ID,ACTIVITY_NAME_LOOKUP_ID,DESCRIPTION_LOOKUP_ID) VALUES(174,149,527,527 );
INSERT INTO ACTIVITY(ACTIVITY_ID,PARENT_ID,ACTIVITY_NAME_LOOKUP_ID,DESCRIPTION_LOOKUP_ID) VALUES(175,149,528,528 );
INSERT INTO ACTIVITY(ACTIVITY_ID,PARENT_ID,ACTIVITY_NAME_LOOKUP_ID,DESCRIPTION_LOOKUP_ID) VALUES(176,150,529,529 );
INSERT INTO ACTIVITY(ACTIVITY_ID,PARENT_ID,ACTIVITY_NAME_LOOKUP_ID,DESCRIPTION_LOOKUP_ID) VALUES(177,151,530,530 );

INSERT INTO ROLES_ACTIVITY(ACTIVITY_ID,ROLE_ID) VALUES(152,1);
INSERT INTO ROLES_ACTIVITY(ACTIVITY_ID,ROLE_ID) VALUES(153,1);
INSERT INTO ROLES_ACTIVITY(ACTIVITY_ID,ROLE_ID) VALUES(154,1);
INSERT INTO ROLES_ACTIVITY(ACTIVITY_ID,ROLE_ID) VALUES(155,1);
INSERT INTO ROLES_ACTIVITY(ACTIVITY_ID,ROLE_ID) VALUES(156,1);
INSERT INTO ROLES_ACTIVITY(ACTIVITY_ID,ROLE_ID) VALUES(157,1);
INSERT INTO ROLES_ACTIVITY(ACTIVITY_ID,ROLE_ID) VALUES(158,1);
INSERT INTO ROLES_ACTIVITY(ACTIVITY_ID,ROLE_ID) VALUES(159,1);
INSERT INTO ROLES_ACTIVITY(ACTIVITY_ID,ROLE_ID) VALUES(160,1);
INSERT INTO ROLES_ACTIVITY(ACTIVITY_ID,ROLE_ID) VALUES(161,1);
INSERT INTO ROLES_ACTIVITY(ACTIVITY_ID,ROLE_ID) VALUES(162,1);
INSERT INTO ROLES_ACTIVITY(ACTIVITY_ID,ROLE_ID) VALUES(163,1);
INSERT INTO ROLES_ACTIVITY(ACTIVITY_ID,ROLE_ID) VALUES(164,1);
INSERT INTO ROLES_ACTIVITY(ACTIVITY_ID,ROLE_ID) VALUES(165,1);
INSERT INTO ROLES_ACTIVITY(ACTIVITY_ID,ROLE_ID) VALUES(166,1);
INSERT INTO ROLES_ACTIVITY(ACTIVITY_ID,ROLE_ID) VALUES(167,1);
INSERT INTO ROLES_ACTIVITY(ACTIVITY_ID,ROLE_ID) VALUES(168,1);
INSERT INTO ROLES_ACTIVITY(ACTIVITY_ID,ROLE_ID) VALUES(169,1);
INSERT INTO ROLES_ACTIVITY(ACTIVITY_ID,ROLE_ID) VALUES(170,1);
INSERT INTO ROLES_ACTIVITY(ACTIVITY_ID,ROLE_ID) VALUES(171,1);
INSERT INTO ROLES_ACTIVITY(ACTIVITY_ID,ROLE_ID) VALUES(172,1);
INSERT INTO ROLES_ACTIVITY(ACTIVITY_ID,ROLE_ID) VALUES(173,1);
INSERT INTO ROLES_ACTIVITY(ACTIVITY_ID,ROLE_ID) VALUES(174,1);
INSERT INTO ROLES_ACTIVITY(ACTIVITY_ID,ROLE_ID) VALUES(175,1);
INSERT INTO ROLES_ACTIVITY(ACTIVITY_ID,ROLE_ID) VALUES(176,1);
INSERT INTO ROLES_ACTIVITY(ACTIVITY_ID,ROLE_ID) VALUES(177,1); 

INSERT INTO REPORT(REPORT_ID,REPORT_CATEGORY_ID,REPORT_NAME,REPORT_IDENTIFIER,REPORT_ACTIVE) VALUES(1,1,'Client Summary & History Report','report_designer',1);
INSERT INTO REPORT(REPORT_ID,REPORT_CATEGORY_ID,REPORT_NAME,REPORT_IDENTIFIER,REPORT_ACTIVE) VALUES(2,1,'Client Product Wise History Report','product_history',1);
INSERT INTO REPORT(REPORT_ID,REPORT_CATEGORY_ID,REPORT_NAME,REPORT_IDENTIFIER,REPORT_ACTIVE) VALUES(3,1,'Clients Settlement info Report',null,1);
INSERT INTO REPORT(REPORT_ID,REPORT_CATEGORY_ID,REPORT_NAME,REPORT_IDENTIFIER,REPORT_ACTIVE) VALUES(4,1,'Client Loan repayment schedule',null,1);
INSERT INTO REPORT(REPORT_ID,REPORT_CATEGORY_ID,REPORT_NAME,REPORT_IDENTIFIER,REPORT_ACTIVE) VALUES(5,1,'Client Fees, Charges and Penalties report',null,1);
INSERT INTO REPORT(REPORT_ID,REPORT_CATEGORY_ID,REPORT_NAME,REPORT_IDENTIFIER,REPORT_ACTIVE) VALUES(6,1,'Clients pending approval report',null,1);
INSERT INTO REPORT(REPORT_ID,REPORT_CATEGORY_ID,REPORT_NAME,REPORT_IDENTIFIER,REPORT_ACTIVE) VALUES(7,1,'Clients without Saving Accouts',null,1);
INSERT INTO REPORT(REPORT_ID,REPORT_CATEGORY_ID,REPORT_NAME,REPORT_IDENTIFIER,REPORT_ACTIVE) VALUES(8,2,'Branch Performance Status Report','branch_performance',1);
INSERT INTO REPORT(REPORT_ID,REPORT_CATEGORY_ID,REPORT_NAME,REPORT_IDENTIFIER,REPORT_ACTIVE) VALUES(9,2,'Area Performance Status Report','area_performance',1);
INSERT INTO REPORT(REPORT_ID,REPORT_CATEGORY_ID,REPORT_NAME,REPORT_IDENTIFIER,REPORT_ACTIVE) VALUES(10,2,'Division Performance Status Report',null,1);
INSERT INTO REPORT(REPORT_ID,REPORT_CATEGORY_ID,REPORT_NAME,REPORT_IDENTIFIER,REPORT_ACTIVE) VALUES(11,2,'Region Performance Status Report',null,1);
INSERT INTO REPORT(REPORT_ID,REPORT_CATEGORY_ID,REPORT_NAME,REPORT_IDENTIFIER,REPORT_ACTIVE) VALUES(12,2,'Grameen Koota Performance Status Report',null,1);
INSERT INTO REPORT(REPORT_ID,REPORT_CATEGORY_ID,REPORT_NAME,REPORT_IDENTIFIER,REPORT_ACTIVE) VALUES(13,2,'Staff Performance Report',null,1);
INSERT INTO REPORT(REPORT_ID,REPORT_CATEGORY_ID,REPORT_NAME,REPORT_IDENTIFIER,REPORT_ACTIVE) VALUES(14,2,'Outreach Report',null,1);
INSERT INTO REPORT(REPORT_ID,REPORT_CATEGORY_ID,REPORT_NAME,REPORT_IDENTIFIER,REPORT_ACTIVE) VALUES(15,2,'Center Summary Report',null,1);
INSERT INTO REPORT(REPORT_ID,REPORT_CATEGORY_ID,REPORT_NAME,REPORT_IDENTIFIER,REPORT_ACTIVE) VALUES(16,3,'Collection sheet','collection_sheet',1);
INSERT INTO REPORT(REPORT_ID,REPORT_CATEGORY_ID,REPORT_NAME,REPORT_IDENTIFIER,REPORT_ACTIVE) VALUES(17,4,'Loan Product Distribution - Activity Wise, Size Wize, Product Wise, Sequency Wise','loan_distribution',1);
INSERT INTO REPORT(REPORT_ID,REPORT_CATEGORY_ID,REPORT_NAME,REPORT_IDENTIFIER,REPORT_ACTIVE) VALUES(18,4,'Branch Due disbursement Report','branch_disbursement',1);
INSERT INTO REPORT(REPORT_ID,REPORT_CATEGORY_ID,REPORT_NAME,REPORT_IDENTIFIER,REPORT_ACTIVE) VALUES(19,4,'Loans pending approval report',null,1);
INSERT INTO REPORT(REPORT_ID,REPORT_CATEGORY_ID,REPORT_NAME,REPORT_IDENTIFIER,REPORT_ACTIVE) VALUES(20,4,'Loan Accounts reports',null,1);
INSERT INTO REPORT(REPORT_ID,REPORT_CATEGORY_ID,REPORT_NAME,REPORT_IDENTIFIER,REPORT_ACTIVE) VALUES(21,5,'Daily Cash Confirmation Report - Staff Wise','staffwise_report',1);
INSERT INTO REPORT(REPORT_ID,REPORT_CATEGORY_ID,REPORT_NAME,REPORT_IDENTIFIER,REPORT_ACTIVE) VALUES(22,5,'Daily Cash Flow Report - Branch','branchwise_report',1);
INSERT INTO REPORT(REPORT_ID,REPORT_CATEGORY_ID,REPORT_NAME,REPORT_IDENTIFIER,REPORT_ACTIVE) VALUES(23,5,'Fund Requirement Report',null,1);
INSERT INTO REPORT(REPORT_ID,REPORT_CATEGORY_ID,REPORT_NAME,REPORT_IDENTIFIER,REPORT_ACTIVE) VALUES(24,5,'Daily Transaction Summary report',null,1);
INSERT INTO REPORT(REPORT_ID,REPORT_CATEGORY_ID,REPORT_NAME,REPORT_IDENTIFIER,REPORT_ACTIVE) VALUES(25,6,'Daily Portfolio quality data report - Aging analysis','analysis',1);
INSERT INTO REPORT(REPORT_ID,REPORT_CATEGORY_ID,REPORT_NAME,REPORT_IDENTIFIER,REPORT_ACTIVE) VALUES(26,7,'Center Meeting Schedule','kendra_meeting',1);
INSERT INTO REPORT(REPORT_ID,REPORT_CATEGORY_ID,REPORT_NAME,REPORT_IDENTIFIER,REPORT_ACTIVE) VALUES(27,4,'Loan Status Report',NULL,1);

INSERT INTO REPORT_JASPER_MAP(REPORT_ID,REPORT_CATEGORY_ID,REPORT_NAME, REPORT_IDENTIFIER, REPORT_JASPER) VALUES (1,1,'Client Summary & History Report','report_designer',NULL);
INSERT INTO REPORT_JASPER_MAP(REPORT_ID,REPORT_CATEGORY_ID,REPORT_NAME, REPORT_IDENTIFIER, REPORT_JASPER) VALUES (2,1,'Client Product Wise History Report','product_history',NULL);
INSERT INTO REPORT_JASPER_MAP(REPORT_ID,REPORT_CATEGORY_ID,REPORT_NAME, REPORT_IDENTIFIER, REPORT_JASPER) VALUES (3,1,'Clients Settlement info Report',null,NULL);
INSERT INTO REPORT_JASPER_MAP(REPORT_ID,REPORT_CATEGORY_ID,REPORT_NAME, REPORT_IDENTIFIER, REPORT_JASPER) VALUES (4,1,'Client Loan repayment schedule',null,NULL);
INSERT INTO REPORT_JASPER_MAP(REPORT_ID,REPORT_CATEGORY_ID,REPORT_NAME, REPORT_IDENTIFIER, REPORT_JASPER) VALUES (5,1,'Client Fees, Charges and Penalties report',null,NULL);
INSERT INTO REPORT_JASPER_MAP(REPORT_ID,REPORT_CATEGORY_ID,REPORT_NAME, REPORT_IDENTIFIER, REPORT_JASPER) VALUES (6,1,'Clients pending approval report',null,NULL);
INSERT INTO REPORT_JASPER_MAP(REPORT_ID,REPORT_CATEGORY_ID,REPORT_NAME, REPORT_IDENTIFIER, REPORT_JASPER) VALUES (7,1,'Clients without Saving Accouts',null,NULL);
INSERT INTO REPORT_JASPER_MAP(REPORT_ID,REPORT_CATEGORY_ID,REPORT_NAME, REPORT_IDENTIFIER, REPORT_JASPER) VALUES (8,2,'Branch Performance Status Report','branch_performance',NULL);
INSERT INTO REPORT_JASPER_MAP(REPORT_ID,REPORT_CATEGORY_ID,REPORT_NAME, REPORT_IDENTIFIER, REPORT_JASPER) VALUES (9,2,'Area Performance Status Report','area_performance',NULL);
INSERT INTO REPORT_JASPER_MAP(REPORT_ID,REPORT_CATEGORY_ID,REPORT_NAME, REPORT_IDENTIFIER, REPORT_JASPER) VALUES (10,2,'Division Performance Status Report',null,NULL);
INSERT INTO REPORT_JASPER_MAP(REPORT_ID,REPORT_CATEGORY_ID,REPORT_NAME, REPORT_IDENTIFIER, REPORT_JASPER) VALUES (11,2,'Region Performance Status Report',null,NULL);
INSERT INTO REPORT_JASPER_MAP(REPORT_ID,REPORT_CATEGORY_ID,REPORT_NAME, REPORT_IDENTIFIER, REPORT_JASPER) VALUES (12,2,'Grameen Koota Performance Status Report',null,NULL);
INSERT INTO REPORT_JASPER_MAP(REPORT_ID,REPORT_CATEGORY_ID,REPORT_NAME, REPORT_IDENTIFIER, REPORT_JASPER) VALUES (13,2,'Staff Performance Report',null,NULL);
INSERT INTO REPORT_JASPER_MAP(REPORT_ID,REPORT_CATEGORY_ID,REPORT_NAME, REPORT_IDENTIFIER, REPORT_JASPER) VALUES (14,2,'Outreach Report',null,NULL);
INSERT INTO REPORT_JASPER_MAP(REPORT_ID,REPORT_CATEGORY_ID,REPORT_NAME, REPORT_IDENTIFIER, REPORT_JASPER) VALUES (15,2,'Center Summary Report',null,NULL);
INSERT INTO REPORT_JASPER_MAP(REPORT_ID,REPORT_CATEGORY_ID,REPORT_NAME, REPORT_IDENTIFIER, REPORT_JASPER) VALUES (16,3,'Collection sheet','collection_sheet',NULL);
INSERT INTO REPORT_JASPER_MAP(REPORT_ID,REPORT_CATEGORY_ID,REPORT_NAME, REPORT_IDENTIFIER, REPORT_JASPER) VALUES (17,4,'Loan Product Distribution - Activity Wise, Size Wize, Product Wise, Sequency Wise','loan_distribution',NULL);
INSERT INTO REPORT_JASPER_MAP(REPORT_ID,REPORT_CATEGORY_ID,REPORT_NAME, REPORT_IDENTIFIER, REPORT_JASPER) VALUES (18,4,'Branch Due disbursement Report','branch_disbursement',NULL);
INSERT INTO REPORT_JASPER_MAP(REPORT_ID,REPORT_CATEGORY_ID,REPORT_NAME, REPORT_IDENTIFIER, REPORT_JASPER) VALUES (19,4,'Loans pending approval report',null,NULL);
INSERT INTO REPORT_JASPER_MAP(REPORT_ID,REPORT_CATEGORY_ID,REPORT_NAME, REPORT_IDENTIFIER, REPORT_JASPER) VALUES (20,4,'Loan Accounts reports',null,NULL);
INSERT INTO REPORT_JASPER_MAP(REPORT_ID,REPORT_CATEGORY_ID,REPORT_NAME, REPORT_IDENTIFIER, REPORT_JASPER) VALUES (21,5,'Daily Cash Confirmation Report - Staff Wise','staffwise_report',NULL);
INSERT INTO REPORT_JASPER_MAP(REPORT_ID,REPORT_CATEGORY_ID,REPORT_NAME, REPORT_IDENTIFIER, REPORT_JASPER) VALUES (22,5,'Daily Cash Flow Report - Branch','branchwise_report',NULL);
INSERT INTO REPORT_JASPER_MAP(REPORT_ID,REPORT_CATEGORY_ID,REPORT_NAME, REPORT_IDENTIFIER, REPORT_JASPER) VALUES (23,5,'Fund Requirement Report',null,NULL);
INSERT INTO REPORT_JASPER_MAP(REPORT_ID,REPORT_CATEGORY_ID,REPORT_NAME, REPORT_IDENTIFIER, REPORT_JASPER) VALUES (24,5,'Daily Transaction Summary report',null,NULL);
INSERT INTO REPORT_JASPER_MAP(REPORT_ID,REPORT_CATEGORY_ID,REPORT_NAME, REPORT_IDENTIFIER, REPORT_JASPER) VALUES (25,6,'Daily Portfolio quality data report - Aging analysis','analysis',NULL);
INSERT INTO REPORT_JASPER_MAP(REPORT_ID,REPORT_CATEGORY_ID,REPORT_NAME, REPORT_IDENTIFIER, REPORT_JASPER) VALUES (26,7,'Center Meeting Schedule','kendra_meeting',NULL);
INSERT INTO REPORT_JASPER_MAP(REPORT_ID,REPORT_CATEGORY_ID,REPORT_NAME, REPORT_IDENTIFIER, REPORT_JASPER) VALUES (27,4,'Loan Status Report',NULL, null);

UPDATE DATABASE_VERSION SET DATABASE_VERSION=188 WHERE DATABASE_VERSION=189;