-- This script represents the latest master data (data which is shipped
-- with MIFOS and is more about the operation of MIFOS than business data).

/* The point of having this file is to see the latest master data in one place,
   rather than having to look through a bunch of upgrade scripts.  So we
   should group things logically (by table or functionality, for example)
   rather than historically.
   We shouldn't have an INSERT followed by an UPDATE to the same row (unless
   there is some special reason like foreign keys). */

-- Applying it should be the same as:
-- Start with mifosmasterdata.sql
-- merge rmpmasterdata.sql
-- merge Iteration14-DML-DBScripts10102006.sql
-- merge Iteration15-DBScripts20061012.sql
-- merge add-version.sql
-- merge all upgrade_to_*.sql files to date

INSERT INTO DATABASE_VERSION(DATABASE_VERSION) VALUES(111);

/* The table Currency holds configuration related items for a currency like display symbol,rounding mode etc which is to be applied on a currency -- Configuration */
/* To set the default currency, enter 1 in the default_currency field */
/* To set how Mifos handles rounding, enter 1 in ROUNDING_MODE to round up, and 2 to round down.  Enter NULL if no rounding is desired.  */
INSERT INTO CURRENCY(CURRENCY_ID,CURRENCY_NAME,DISPLAY_SYMBOL,ROUNDING_MODE,ROUNDING_AMOUNT,DEFAULT_CURRENCY,DEFAULT_DIGITS_AFTER_DECIMAL)
VALUES(1,'DOLLAR','$',1,.5,0,1);
INSERT INTO CURRENCY(CURRENCY_ID,CURRENCY_NAME,DISPLAY_SYMBOL,ROUNDING_MODE,ROUNDING_AMOUNT,DEFAULT_CURRENCY,DEFAULT_DIGITS_AFTER_DECIMAL)	
VALUES(2,'RUPEE','Rs',1,1,1,1);
INSERT INTO CURRENCY(CURRENCY_ID,CURRENCY_NAME,DISPLAY_SYMBOL,ROUNDING_MODE,ROUNDING_AMOUNT,DEFAULT_CURRENCY,DEFAULT_DIGITS_AFTER_DECIMAL)
VALUES(3,'EURO','',2,.5,0,1);
INSERT INTO CURRENCY(CURRENCY_ID,CURRENCY_NAME,DISPLAY_SYMBOL,ROUNDING_MODE,ROUNDING_AMOUNT,DEFAULT_CURRENCY,DEFAULT_DIGITS_AFTER_DECIMAL)
VALUES(4,'POUND','',1,.5,0,1);




/* Updated lookup_entity */
/* The table LOOKUP_ENTITY will contain the entry for entities which need to be configured like center to be called kendra by mfi,ethenicity to be called something by the MFI, salutation to be called something by the MFI etc - Configuration */
INSERT INTO LOOKUP_ENTITY(ENTITY_ID,ENTITY_NAME,DESCRIPTION)
VALUES(1,'Client Status','Client Status');
INSERT INTO LOOKUP_ENTITY(ENTITY_ID,ENTITY_NAME,DESCRIPTION)
VALUES(2,'Group Status','Group Status');
INSERT INTO LOOKUP_ENTITY(ENTITY_ID,ENTITY_NAME,DESCRIPTION)
VALUES(3,'Center Status','Center Status');
INSERT INTO LOOKUP_ENTITY(ENTITY_ID,ENTITY_NAME,DESCRIPTION)
VALUES(4,'Office Status','Office Status');
INSERT INTO LOOKUP_ENTITY(ENTITY_ID,ENTITY_NAME,DESCRIPTION)
VALUES(5,'AccountStates','Account States');
INSERT INTO LOOKUP_ENTITY(ENTITY_ID,ENTITY_NAME,DESCRIPTION)
VALUES(6,'Personnel Status','Personnel Status');
INSERT INTO LOOKUP_ENTITY(ENTITY_ID,ENTITY_NAME,DESCRIPTION)
VALUES(7,'Group Flag','Group Flag');
INSERT INTO LOOKUP_ENTITY(ENTITY_ID,ENTITY_NAME,DESCRIPTION)
VALUES(8,'Fee Type','Fee Type');
INSERT INTO LOOKUP_ENTITY(ENTITY_ID,ENTITY_NAME,DESCRIPTION)
VALUES(9,'Titles','Customer Position');
INSERT INTO LOOKUP_ENTITY(ENTITY_ID,ENTITY_NAME,DESCRIPTION)
VALUES(10,'PovertyStatus','Poverty Status For Client');
INSERT INTO LOOKUP_ENTITY(ENTITY_ID,ENTITY_NAME,DESCRIPTION)
VALUES(11,'Center','Center VALUES');
INSERT INTO LOOKUP_ENTITY(ENTITY_ID,ENTITY_NAME,DESCRIPTION)
VALUES(12,'Group','Group VALUES');
INSERT INTO LOOKUP_ENTITY(ENTITY_ID,ENTITY_NAME,DESCRIPTION)
VALUES(13,'Client','Client VALUES');
INSERT INTO LOOKUP_ENTITY(ENTITY_ID,ENTITY_NAME,DESCRIPTION)
VALUES(14,'Office','Office');
INSERT INTO LOOKUP_ENTITY(ENTITY_ID,ENTITY_NAME,DESCRIPTION)
VALUES(15,'Salutation','Mr/Mrs');
INSERT INTO LOOKUP_ENTITY(ENTITY_ID,ENTITY_NAME,DESCRIPTION)
VALUES(16,'Gender','Male/Female');
INSERT INTO LOOKUP_ENTITY(ENTITY_ID,ENTITY_NAME,DESCRIPTION)
VALUES(17,'MaritalStatus','Married/UnMarried');
INSERT INTO LOOKUP_ENTITY(ENTITY_ID,ENTITY_NAME,DESCRIPTION)
VALUES(18,'Citizenship','Citizenship');
INSERT INTO LOOKUP_ENTITY(ENTITY_ID,ENTITY_NAME,DESCRIPTION)
VALUES(19,'Ethinicity','Ethnicity');
INSERT INTO LOOKUP_ENTITY(ENTITY_ID,ENTITY_NAME,DESCRIPTION)
VALUES(20,'EducationLevel','EducationLevel');
INSERT INTO LOOKUP_ENTITY(ENTITY_ID,ENTITY_NAME,DESCRIPTION)
VALUES(21,'BusinessActivities','BusinessActivities');
INSERT INTO LOOKUP_ENTITY(ENTITY_ID,ENTITY_NAME,DESCRIPTION)
VALUES(22,'Handicapped','Handicaped');
INSERT INTO LOOKUP_ENTITY(ENTITY_ID,ENTITY_NAME,DESCRIPTION)
VALUES(23,'Client Formed By','CustomField ClientFormedBy for client');
INSERT INTO LOOKUP_ENTITY(ENTITY_ID,ENTITY_NAME,DESCRIPTION)
VALUES(24,'PostalCode','ZipCode');
INSERT INTO LOOKUP_ENTITY(ENTITY_ID,ENTITY_NAME,DESCRIPTION)
VALUES(25,'Product State','Product State');
INSERT INTO LOOKUP_ENTITY(ENTITY_ID,ENTITY_NAME,DESCRIPTION)
VALUES(26,'Loan','Loan');
INSERT INTO LOOKUP_ENTITY(ENTITY_ID,ENTITY_NAME,DESCRIPTION)
VALUES(27,'Savings','Savings');

INSERT INTO LOOKUP_ENTITY(ENTITY_ID,ENTITY_NAME,DESCRIPTION)
VALUES(29,'PersonnelTitles','CFO/Accountant');
INSERT INTO LOOKUP_ENTITY(ENTITY_ID,ENTITY_NAME,DESCRIPTION)
VALUES(30,'PersonnelLevels','LoanOfficer/NonLoanOfficer');
INSERT INTO LOOKUP_ENTITY(ENTITY_ID,ENTITY_NAME,DESCRIPTION)
VALUES(31,'PersonnelCustomField1','PersonnelCustomField1');
INSERT INTO LOOKUP_ENTITY(ENTITY_ID,ENTITY_NAME,DESCRIPTION)
VALUES(32,'PersonnelCustomField2','personnel custom fields');
INSERT INTO LOOKUP_ENTITY(ENTITY_ID,ENTITY_NAME,DESCRIPTION)
VALUES(33,'PersonnelCustomField3','personnel custom fields');
INSERT INTO LOOKUP_ENTITY(ENTITY_ID,ENTITY_NAME,DESCRIPTION)
VALUES(34,'OfficeLevels','Head Office/Regional Office/Sub Regional Office/Area Office/BranchOffice');
INSERT INTO LOOKUP_ENTITY(ENTITY_ID,ENTITY_NAME,DESCRIPTION)
VALUES(35,'PrdApplicableMaster','Ceratin product categories applicable to certain types of clients');
INSERT INTO LOOKUP_ENTITY(ENTITY_ID,ENTITY_NAME,DESCRIPTION)
VALUES(36,'WeekDays','Week Days List');
INSERT INTO LOOKUP_ENTITY(ENTITY_ID,ENTITY_NAME,DESCRIPTION)
VALUES(37,'InterestTypes','Interest Types for PrdOfferings and Accounts');
INSERT INTO LOOKUP_ENTITY(ENTITY_ID,ENTITY_NAME,DESCRIPTION)
VALUES(38,'CategoryType','This is mainly used in fees to show the categories where this fee is applicable');
INSERT INTO LOOKUP_ENTITY(ENTITY_ID,ENTITY_NAME,DESCRIPTION)
VALUES(39,'InterestCalcRule','Interest calculation rule for loan prd offerings');

INSERT INTO LOOKUP_ENTITY(ENTITY_ID,ENTITY_NAME,DESCRIPTION)
VALUES(41,'GracePeriodTypes','Grace Period Types for loan products');
INSERT INTO LOOKUP_ENTITY(ENTITY_ID,ENTITY_NAME,DESCRIPTION)
VALUES(42,'DayRank','Day Rank');
INSERT INTO LOOKUP_ENTITY(ENTITY_ID,ENTITY_NAME,DESCRIPTION)
VALUES(43,'CollateralTypes','Collateral Types for loan accounts');
INSERT INTO LOOKUP_ENTITY(ENTITY_ID,ENTITY_NAME,DESCRIPTION)
VALUES(44,'OfficeCode','Office Code');
INSERT INTO LOOKUP_ENTITY(ENTITY_ID,ENTITY_NAME,DESCRIPTION)
VALUES(45,'ProductCategoryStatus','ProductCategoryStatus');
INSERT INTO LOOKUP_ENTITY(ENTITY_ID,ENTITY_NAME,DESCRIPTION)
VALUES(46,'ProductStatus','ProductStatus');
INSERT INTO LOOKUP_ENTITY(ENTITY_ID,ENTITY_NAME,DESCRIPTION)
VALUES(47,'SavingsType','SavingsType');
INSERT INTO LOOKUP_ENTITY(ENTITY_ID,ENTITY_NAME,DESCRIPTION)
VALUES(48,'RecommendedAmtUnit','RecommendedAmtUnit');
INSERT INTO LOOKUP_ENTITY(ENTITY_ID,ENTITY_NAME,DESCRIPTION)
VALUES(49,'IntCalTypes','IntCalTypes');
INSERT INTO LOOKUP_ENTITY(ENTITY_ID,ENTITY_NAME,DESCRIPTION)
VALUES(50,'YESNO','YESNO');
INSERT INTO LOOKUP_ENTITY(ENTITY_ID,ENTITY_NAME,DESCRIPTION)
VALUES(51,'AccountType','AccountType');
INSERT INTO LOOKUP_ENTITY(ENTITY_ID,ENTITY_NAME,DESCRIPTION)
VALUES(52,'SpouseFather','SpouseFather');
INSERT INTO LOOKUP_ENTITY(ENTITY_ID,ENTITY_NAME,DESCRIPTION)
VALUES(53,'CustomerStatus','CustomerStatus');
INSERT INTO LOOKUP_ENTITY(ENTITY_ID,ENTITY_NAME,DESCRIPTION)
VALUES(54,'FeePayment','FeePayment');
INSERT INTO LOOKUP_ENTITY(ENTITY_ID,ENTITY_NAME,DESCRIPTION)
VALUES(55,'FeeFormulaMaster','FeeFormulaMaster');
INSERT INTO LOOKUP_ENTITY(ENTITY_ID,ENTITY_NAME,DESCRIPTION)
VALUES(56,'PersonnelStatus','PersonnelStatus');
INSERT INTO LOOKUP_ENTITY(ENTITY_ID,ENTITY_NAME,DESCRIPTION)
VALUES(57,'Personnel','Personnel');
INSERT INTO LOOKUP_ENTITY(ENTITY_ID,ENTITY_NAME,DESCRIPTION)
VALUES(58,'Replacement Status','Custom Field ReplacementStatus for Client');
INSERT INTO LOOKUP_ENTITY(ENTITY_ID,ENTITY_NAME,DESCRIPTION)
VALUES(59,'GRT StaffId','Custom Field GRTStaffId for Group');
INSERT INTO LOOKUP_ENTITY(ENTITY_ID,ENTITY_NAME,DESCRIPTION)
VALUES(60,'Meeting Time','Custom Field Meeting Time for Center');
INSERT INTO LOOKUP_ENTITY(ENTITY_ID,ENTITY_NAME,DESCRIPTION)
VALUES(61,'Distance from BO To Center','Custom Field Distance from BO To Center');
INSERT INTO LOOKUP_ENTITY(ENTITY_ID,ENTITY_NAME,DESCRIPTION)
VALUES(62,'ExternalId','Custom Field external ID for Personnel and office');
INSERT INTO LOOKUP_ENTITY(ENTITY_ID,ENTITY_NAME,DESCRIPTION)
VALUES(63,'No of Clients per Group','Custom Field  No. of Clients per Group');
INSERT INTO LOOKUP_ENTITY(ENTITY_ID,ENTITY_NAME,DESCRIPTION)
VALUES(64,'No of Clients per Center','Custom Field No. of Clients per Center');
INSERT INTO LOOKUP_ENTITY(ENTITY_ID,ENTITY_NAME,DESCRIPTION)
VALUES(65,'Distance From HO To BO','Custom Field Distance from HO To BO for office');
INSERT INTO LOOKUP_ENTITY(ENTITY_ID,ENTITY_NAME,DESCRIPTION)
VALUES(66,'External Loan Id','Custom Field ExternalID for office');
INSERT INTO LOOKUP_ENTITY(ENTITY_ID,ENTITY_NAME,DESCRIPTION)
VALUES(67,'External Savings Id','Custom Field ExternalSavingsId');
INSERT INTO LOOKUP_ENTITY(ENTITY_ID,ENTITY_NAME,DESCRIPTION)
VALUES(68,'FeeStatus','FeeStatus');
INSERT INTO LOOKUP_ENTITY(ENTITY_ID,ENTITY_NAME,DESCRIPTION)
VALUES(69,'AccountAction','AccountAction');
INSERT INTO LOOKUP_ENTITY(ENTITY_ID,ENTITY_NAME,DESCRIPTION)
VALUES(70,'AccountFlags','AccountFlags');
INSERT INTO LOOKUP_ENTITY(ENTITY_ID,ENTITY_NAME,DESCRIPTION)
VALUES(71,'PaymentType','PaymentType');
INSERT INTO LOOKUP_ENTITY(ENTITY_ID,ENTITY_NAME,DESCRIPTION)
VALUES(72,'Saving Status','Saving Status');
INSERT INTO LOOKUP_ENTITY(ENTITY_ID,ENTITY_NAME,DESCRIPTION)
VALUES(73,'Position','Position');
INSERT INTO LOOKUP_ENTITY(ENTITY_ID,ENTITY_NAME,DESCRIPTION)
VALUES(74,'Language','Language');
INSERT INTO LOOKUP_ENTITY 
VALUES(75,'CustomerAttendance','CustomerAttendance');
INSERT INTO LOOKUP_ENTITY 
VALUES(76,'Financial Action','Financial Action');
INSERT INTO LOOKUP_ENTITY 
VALUES(77,'BulkEntry','BulkENtry');
INSERT INTO LOOKUP_ENTITY 
VALUES(78,'SavingsAccountFlag ','SavingsAccountFlag');
INSERT INTO LOOKUP_ENTITY 
VALUES(79,'Address3','Address3');
INSERT INTO LOOKUP_ENTITY 
VALUES(80,'City','City');
INSERT INTO LOOKUP_ENTITY 
VALUES(81,'Interest','Interest');
INSERT INTO LOOKUP_ENTITY 
VALUES(82,'Loan Purposes','Loan Purposes');
INSERT INTO LOOKUP_ENTITY 
VALUES(83,'State','State');
INSERT INTO LOOKUP_ENTITY 
VALUES(84,'Address1','Address1');
INSERT INTO LOOKUP_ENTITY 
VALUES(85,'Address2','Address2');
INSERT INTO LOOKUP_ENTITY 
VALUES(86,'GovernmentId','GovernmentId');
INSERT INTO LOOKUP_ENTITY 
VALUES(87,'Permissions','Permissions');
INSERT INTO LOOKUP_ENTITY(ENTITY_ID,ENTITY_NAME,DESCRIPTION)
VALUES(88,'Service Charge','Interest');

INSERT INTO LOOKUP_ENTITY 
VALUES(89,'feeUpdationType',' fee updation can to applied to existing accounts or future accounts');
INSERT INTO LOOKUP_ENTITY(ENTITY_ID,ENTITY_NAME,DESCRIPTION)
VALUES(90,'Fee Frequency','Fee Frequency');
/* fee_type */
INSERT INTO FEE_TYPE(FEE_TYPE_ID,FEE_LOOKUP_ID,FLAT_OR_RATE,FORMULA)
VALUES(1,1,NULL,NULL);
INSERT INTO FEE_TYPE(FEE_TYPE_ID,FEE_LOOKUP_ID,FLAT_OR_RATE,FORMULA)
VALUES(2,1,NULL,NULL);
INSERT INTO FEE_TYPE(FEE_TYPE_ID,FEE_LOOKUP_ID,FLAT_OR_RATE,FORMULA)
VALUES(3,2,NULL,NULL);
INSERT INTO FEE_TYPE(FEE_TYPE_ID,FEE_LOOKUP_ID,FLAT_OR_RATE,FORMULA)
VALUES(4,3,NULL,NULL);
INSERT INTO FEE_TYPE(FEE_TYPE_ID,FEE_LOOKUP_ID,FLAT_OR_RATE,FORMULA)
VALUES(5,3,NULL,NULL);

/* MEETING_TYPE */
/* The table MEETING_TYPE indicates to what the meeting is associated against like loan,customer etc - System */
INSERT INTO MEETING_TYPE(MEETING_TYPE_ID,MEETING_PURPOSE,DESCRIPTION)
VALUES(1,'LOANFREQUENCYOFINSTALLMENTS','Loan Frequency of istalments');
INSERT INTO MEETING_TYPE(MEETING_TYPE_ID,MEETING_PURPOSE,DESCRIPTION) 
VALUES(2,'SAVINGSTIMEPERFORINTCALC','Savings Time Period for Interest Calculation');
INSERT INTO MEETING_TYPE(MEETING_TYPE_ID,MEETING_PURPOSE,DESCRIPTION) 
VALUES(3,'SAVINGSFRQINTPOSTACC','Savings Frequency of Interest Posting to Accounts');
INSERT INTO MEETING_TYPE(MEETING_TYPE_ID,MEETING_PURPOSE,DESCRIPTION) 
VALUES(4,'CUSTOMERMEETING','Customer Meeting');
INSERT INTO MEETING_TYPE(MEETING_TYPE_ID,MEETING_PURPOSE,DESCRIPTION) 
VALUES(5,'FEEMEETING','Fees Meetings');

/*recurrence_type*/
/* The table RECURRENCE_TYPE indicates the type of meeting like daily,weekly,monthly - System */
INSERT INTO RECURRENCE_TYPE(RECURRENCE_ID,RECURRENCE_NAME,DESCRIPTION)
VALUES(1,'Week(s)','Weekly Recurrence');
INSERT INTO RECURRENCE_TYPE(RECURRENCE_ID,RECURRENCE_NAME,DESCRIPTION)
VALUES(2,'Month(s)','Monthly Recurrence');
INSERT INTO RECURRENCE_TYPE(RECURRENCE_ID,RECURRENCE_NAME,DESCRIPTION)
VALUES(3,'Day(s)','Daily Recurrence');

/* The table COUNTRY will contain information related to the country like country name etc - Configuration */
INSERT INTO COUNTRY(COUNTRY_ID,COUNTRY_NAME,COUNTRY_SHORT_NAME)
VALUES(1,'America','US');
INSERT INTO COUNTRY(COUNTRY_ID,COUNTRY_NAME,COUNTRY_SHORT_NAME)
VALUES(2,'India','IN');
INSERT INTO COUNTRY(COUNTRY_ID,COUNTRY_NAME,COUNTRY_SHORT_NAME)
VALUES(3,'Spain','ES');
INSERT INTO COUNTRY(COUNTRY_ID,COUNTRY_NAME,COUNTRY_SHORT_NAME)
VALUES(4,'England','ENG');
INSERT INTO COUNTRY(COUNTRY_ID,COUNTRY_NAME,COUNTRY_SHORT_NAME)
VALUES(5,'South Africa','SA');
INSERT INTO COUNTRY(COUNTRY_ID,COUNTRY_NAME,COUNTRY_SHORT_NAME)
VALUES(6,'United Kingdom','GB');

/* The table Office_Level contains the different levels supported by the MFI like HeadOffice,RegionalOffice etc  */
/* Office Levels can be configured in the UI, so there is no need to make changes in this section when configuring Mifos  */
INSERT INTO OFFICE_LEVEL(LEVEL_ID,PARENT_LEVEL_ID,LEVEL_NAME_ID,INTERACTION_FLAG,CONFIGURED)
VALUES(1,NULL,104,0,1);
INSERT INTO OFFICE_LEVEL(LEVEL_ID,PARENT_LEVEL_ID,LEVEL_NAME_ID,INTERACTION_FLAG,CONFIGURED)
VALUES(2,1,105,0,1);
INSERT INTO OFFICE_LEVEL(LEVEL_ID,PARENT_LEVEL_ID,LEVEL_NAME_ID,INTERACTION_FLAG,CONFIGURED)
VALUES(3,2,106,0,1);
INSERT INTO OFFICE_LEVEL(LEVEL_ID,PARENT_LEVEL_ID,LEVEL_NAME_ID,INTERACTION_FLAG,CONFIGURED)
VALUES(4,3,107,0,1);
INSERT INTO OFFICE_LEVEL(LEVEL_ID,PARENT_LEVEL_ID,LEVEL_NAME_ID,INTERACTION_FLAG,CONFIGURED)
VALUES(5,4,108,1,1);



/* The table LOOKUP_VALUE will contain the entity described in LOOKUP_ENTITY for a given locale - Configuration */
INSERT INTO LOOKUP_VALUE(LOOKUP_ID,ENTITY_ID,LOOKUP_NAME)
VALUES(1,1,' ');
INSERT INTO LOOKUP_VALUE(LOOKUP_ID,ENTITY_ID,LOOKUP_NAME)
VALUES(2,1,' ');
INSERT INTO LOOKUP_VALUE(LOOKUP_ID,ENTITY_ID,LOOKUP_NAME)
VALUES(3,1,' ');
INSERT INTO LOOKUP_VALUE(LOOKUP_ID,ENTITY_ID,LOOKUP_NAME)
VALUES(4,1,' ');
INSERT INTO LOOKUP_VALUE(LOOKUP_ID,ENTITY_ID,LOOKUP_NAME)
VALUES(5,1,' ');
INSERT INTO LOOKUP_VALUE(LOOKUP_ID,ENTITY_ID,LOOKUP_NAME)
VALUES(6,1,' ');
INSERT INTO LOOKUP_VALUE(LOOKUP_ID,ENTITY_ID,LOOKUP_NAME)
VALUES(7,2,' ');
INSERT INTO LOOKUP_VALUE(LOOKUP_ID,ENTITY_ID,LOOKUP_NAME)
VALUES(8,2,' ');
INSERT INTO LOOKUP_VALUE(LOOKUP_ID,ENTITY_ID,LOOKUP_NAME)
VALUES(9,2,' ');
INSERT INTO LOOKUP_VALUE(LOOKUP_ID,ENTITY_ID,LOOKUP_NAME)
VALUES(10,2,' ');
INSERT INTO LOOKUP_VALUE(LOOKUP_ID,ENTITY_ID,LOOKUP_NAME)
VALUES(11,2,' ');
INSERT INTO LOOKUP_VALUE(LOOKUP_ID,ENTITY_ID,LOOKUP_NAME)
VALUES(12,2,' ');
INSERT INTO LOOKUP_VALUE(LOOKUP_ID,ENTITY_ID,LOOKUP_NAME)
VALUES(13,3,' ');
INSERT INTO LOOKUP_VALUE(LOOKUP_ID,ENTITY_ID,LOOKUP_NAME)
VALUES(14,3,' ');
INSERT INTO LOOKUP_VALUE(LOOKUP_ID,ENTITY_ID,LOOKUP_NAME)
VALUES(15,4,' ');
INSERT INTO LOOKUP_VALUE(LOOKUP_ID,ENTITY_ID,LOOKUP_NAME)
VALUES(16,4,' ');
INSERT INTO LOOKUP_VALUE(LOOKUP_ID,ENTITY_ID,LOOKUP_NAME)
VALUES(17,5,' ');
INSERT INTO LOOKUP_VALUE(LOOKUP_ID,ENTITY_ID,LOOKUP_NAME)
VALUES(18,5,' ');
INSERT INTO LOOKUP_VALUE(LOOKUP_ID,ENTITY_ID,LOOKUP_NAME)
VALUES(19,5,' ');
INSERT INTO LOOKUP_VALUE(LOOKUP_ID,ENTITY_ID,LOOKUP_NAME)
VALUES(20,5,' ');
INSERT INTO LOOKUP_VALUE(LOOKUP_ID,ENTITY_ID,LOOKUP_NAME)
VALUES(21,5,' ');
INSERT INTO LOOKUP_VALUE(LOOKUP_ID,ENTITY_ID,LOOKUP_NAME)
VALUES(22,5,' ');
INSERT INTO LOOKUP_VALUE(LOOKUP_ID,ENTITY_ID,LOOKUP_NAME)
VALUES(23,5,' ');
INSERT INTO LOOKUP_VALUE(LOOKUP_ID,ENTITY_ID,LOOKUP_NAME)
VALUES(24,5,' ');
INSERT INTO LOOKUP_VALUE(LOOKUP_ID,ENTITY_ID,LOOKUP_NAME)
VALUES(25,5,' ');
INSERT INTO LOOKUP_VALUE(LOOKUP_ID,ENTITY_ID,LOOKUP_NAME)
VALUES(26,6,' ');
INSERT INTO LOOKUP_VALUE(LOOKUP_ID,ENTITY_ID,LOOKUP_NAME)
VALUES(27,6,' ');
INSERT INTO LOOKUP_VALUE(LOOKUP_ID,ENTITY_ID,LOOKUP_NAME)
VALUES(28,7,' ');
INSERT INTO LOOKUP_VALUE(LOOKUP_ID,ENTITY_ID,LOOKUP_NAME)
VALUES(29,7,' ');
INSERT INTO LOOKUP_VALUE(LOOKUP_ID,ENTITY_ID,LOOKUP_NAME)
VALUES(30,7,' ');
INSERT INTO LOOKUP_VALUE(LOOKUP_ID,ENTITY_ID,LOOKUP_NAME)
VALUES(31,7,' ');
INSERT INTO LOOKUP_VALUE(LOOKUP_ID,ENTITY_ID,LOOKUP_NAME)
VALUES(32,7,' ');
INSERT INTO LOOKUP_VALUE(LOOKUP_ID,ENTITY_ID,LOOKUP_NAME)
VALUES(33,7,' ');
INSERT INTO LOOKUP_VALUE(LOOKUP_ID,ENTITY_ID,LOOKUP_NAME)
VALUES(34,7,' ');
INSERT INTO LOOKUP_VALUE(LOOKUP_ID,ENTITY_ID,LOOKUP_NAME)
VALUES(35,8,' ');
INSERT INTO LOOKUP_VALUE(LOOKUP_ID,ENTITY_ID,LOOKUP_NAME)
VALUES(36,8,' ');
INSERT INTO LOOKUP_VALUE(LOOKUP_ID,ENTITY_ID,LOOKUP_NAME)
VALUES(37,8,' ');
INSERT INTO LOOKUP_VALUE(LOOKUP_ID,ENTITY_ID,LOOKUP_NAME)
VALUES(38,8,' ');
INSERT INTO LOOKUP_VALUE(LOOKUP_ID,ENTITY_ID,LOOKUP_NAME)
VALUES(39,9,' ');
INSERT INTO LOOKUP_VALUE(LOOKUP_ID,ENTITY_ID,LOOKUP_NAME)
VALUES(40,9,' ');
INSERT INTO LOOKUP_VALUE(LOOKUP_ID,ENTITY_ID,LOOKUP_NAME)
VALUES(41,10,' ');
INSERT INTO LOOKUP_VALUE(LOOKUP_ID,ENTITY_ID,LOOKUP_NAME)
VALUES(42,10,' ');
INSERT INTO LOOKUP_VALUE(LOOKUP_ID,ENTITY_ID,LOOKUP_NAME)
VALUES(43,10,' ');

INSERT INTO LOOKUP_VALUE(LOOKUP_ID,ENTITY_ID,LOOKUP_NAME)
VALUES(47,15,' ');
INSERT INTO LOOKUP_VALUE(LOOKUP_ID,ENTITY_ID,LOOKUP_NAME)
VALUES(48,15,' ');
INSERT INTO LOOKUP_VALUE(LOOKUP_ID,ENTITY_ID,LOOKUP_NAME)
VALUES(49,16,' ');
INSERT INTO LOOKUP_VALUE(LOOKUP_ID,ENTITY_ID,LOOKUP_NAME)
VALUES(50,16,' ');
INSERT INTO LOOKUP_VALUE(LOOKUP_ID,ENTITY_ID,LOOKUP_NAME)
VALUES(51,25,' ');
INSERT INTO LOOKUP_VALUE(LOOKUP_ID,ENTITY_ID,LOOKUP_NAME)
VALUES(52,25,' ');
INSERT INTO LOOKUP_VALUE(LOOKUP_ID,ENTITY_ID,LOOKUP_NAME)
VALUES(53,25,' ');
INSERT INTO LOOKUP_VALUE(LOOKUP_ID,ENTITY_ID,LOOKUP_NAME)
VALUES(54,26,' ');
INSERT INTO LOOKUP_VALUE(LOOKUP_ID,ENTITY_ID,LOOKUP_NAME)
VALUES(55,27,' ');

INSERT INTO LOOKUP_VALUE(LOOKUP_ID,ENTITY_ID,LOOKUP_NAME)
VALUES(57,29,' ');
INSERT INTO LOOKUP_VALUE(LOOKUP_ID,ENTITY_ID,LOOKUP_NAME)
VALUES(58,29,' ');
INSERT INTO LOOKUP_VALUE(LOOKUP_ID,ENTITY_ID,LOOKUP_NAME)
VALUES(59,29,' ');
INSERT INTO LOOKUP_VALUE(LOOKUP_ID,ENTITY_ID,LOOKUP_NAME)
VALUES(60,30,' ');
INSERT INTO LOOKUP_VALUE(LOOKUP_ID,ENTITY_ID,LOOKUP_NAME)
VALUES(61,30,' ');
INSERT INTO LOOKUP_VALUE(LOOKUP_ID,ENTITY_ID,LOOKUP_NAME)
VALUES(62,31,' ');
INSERT INTO LOOKUP_VALUE(LOOKUP_ID,ENTITY_ID,LOOKUP_NAME)
VALUES(63,32,' ');
INSERT INTO LOOKUP_VALUE(LOOKUP_ID,ENTITY_ID,LOOKUP_NAME)
VALUES(64,33,' ');
INSERT INTO LOOKUP_VALUE(LOOKUP_ID,ENTITY_ID,LOOKUP_NAME)
VALUES(65,34,' ');
INSERT INTO LOOKUP_VALUE(LOOKUP_ID,ENTITY_ID,LOOKUP_NAME)
VALUES(66,17,' ');
INSERT INTO LOOKUP_VALUE(LOOKUP_ID,ENTITY_ID,LOOKUP_NAME)
VALUES(67,17,' ');

/* VALUES for prd_applicable_master*/
INSERT INTO LOOKUP_VALUE(LOOKUP_ID,ENTITY_ID,LOOKUP_NAME)
VALUES(68,35,' ');
INSERT INTO LOOKUP_VALUE(LOOKUP_ID,ENTITY_ID,LOOKUP_NAME)
VALUES(69,35,' ');
INSERT INTO LOOKUP_VALUE(LOOKUP_ID,ENTITY_ID,LOOKUP_NAME)
VALUES(70,35,' ');
INSERT INTO LOOKUP_VALUE(LOOKUP_ID,ENTITY_ID,LOOKUP_NAME)
VALUES(71,35,' ');

INSERT INTO LOOKUP_VALUE(LOOKUP_ID,ENTITY_ID,LOOKUP_NAME)
VALUES(72,36,' ');
INSERT INTO LOOKUP_VALUE(LOOKUP_ID,ENTITY_ID,LOOKUP_NAME)
VALUES(73,36,' ');
INSERT INTO LOOKUP_VALUE(LOOKUP_ID,ENTITY_ID,LOOKUP_NAME)
VALUES(74,36,' ');
INSERT INTO LOOKUP_VALUE(LOOKUP_ID,ENTITY_ID,LOOKUP_NAME)
VALUES(75,36,' ');
INSERT INTO LOOKUP_VALUE(LOOKUP_ID,ENTITY_ID,LOOKUP_NAME)
VALUES(76,36,' ');
INSERT INTO LOOKUP_VALUE(LOOKUP_ID,ENTITY_ID,LOOKUP_NAME)
VALUES(77,36,' ');
INSERT INTO LOOKUP_VALUE(LOOKUP_ID,ENTITY_ID,LOOKUP_NAME)
VALUES(78,36,' ');
/* VALUES for interest rate types*/
INSERT INTO LOOKUP_VALUE(LOOKUP_ID,ENTITY_ID,LOOKUP_NAME)
VALUES(79,37,' ');
INSERT INTO LOOKUP_VALUE(LOOKUP_ID,ENTITY_ID,LOOKUP_NAME)
VALUES(80,37,' ');
/* VALUES for category_type*/
INSERT INTO LOOKUP_VALUE(LOOKUP_ID,ENTITY_ID,LOOKUP_NAME)
VALUES(81,38,' ');
INSERT INTO LOOKUP_VALUE(LOOKUP_ID,ENTITY_ID,LOOKUP_NAME)
VALUES(82,38,' ');
INSERT INTO LOOKUP_VALUE(LOOKUP_ID,ENTITY_ID,LOOKUP_NAME)
VALUES(83,38,' ');
INSERT INTO LOOKUP_VALUE(LOOKUP_ID,ENTITY_ID,LOOKUP_NAME)
VALUES(84,38,' ');
INSERT INTO LOOKUP_VALUE(LOOKUP_ID,ENTITY_ID,LOOKUP_NAME)
VALUES(85,38,' ');
INSERT INTO LOOKUP_VALUE(LOOKUP_ID,ENTITY_ID,LOOKUP_NAME)
VALUES(86,38,' ');
INSERT INTO LOOKUP_VALUE(LOOKUP_ID,ENTITY_ID,LOOKUP_NAME)
VALUES(87,38,' ');
/* VALUES for interest calculation rule*/
INSERT INTO LOOKUP_VALUE(LOOKUP_ID,ENTITY_ID,LOOKUP_NAME)
VALUES(88,39,' ');
INSERT INTO LOOKUP_VALUE(LOOKUP_ID,ENTITY_ID,LOOKUP_NAME)
VALUES(89,39,' ');
INSERT INTO LOOKUP_VALUE(LOOKUP_ID,ENTITY_ID,LOOKUP_NAME)
VALUES(90,39,' ');

/* VALUES for grace period types*/
INSERT INTO LOOKUP_VALUE(LOOKUP_ID,ENTITY_ID,LOOKUP_NAME)
VALUES(96,41,' ');
INSERT INTO LOOKUP_VALUE(LOOKUP_ID,ENTITY_ID,LOOKUP_NAME)
VALUES(97,41,' ');
INSERT INTO LOOKUP_VALUE(LOOKUP_ID,ENTITY_ID,LOOKUP_NAME)
VALUES(98,41,' ');

INSERT INTO LOOKUP_VALUE(LOOKUP_ID,ENTITY_ID,LOOKUP_NAME)
VALUES(99,42,' ');
INSERT INTO LOOKUP_VALUE(LOOKUP_ID,ENTITY_ID,LOOKUP_NAME)
VALUES(100,42,' ');
INSERT INTO LOOKUP_VALUE(LOOKUP_ID,ENTITY_ID,LOOKUP_NAME)
VALUES(101,42,' ');
INSERT INTO LOOKUP_VALUE(LOOKUP_ID,ENTITY_ID,LOOKUP_NAME)
VALUES(102,42,' ');
INSERT INTO LOOKUP_VALUE(LOOKUP_ID,ENTITY_ID,LOOKUP_NAME)
VALUES(103,42,' ');
INSERT INTO LOOKUP_VALUE(LOOKUP_ID,ENTITY_ID,LOOKUP_NAME)
VALUES(104,34,' ');
INSERT INTO LOOKUP_VALUE(LOOKUP_ID,ENTITY_ID,LOOKUP_NAME)
VALUES(105,34,' ');
INSERT INTO LOOKUP_VALUE(LOOKUP_ID,ENTITY_ID,LOOKUP_NAME)
VALUES(106,34,' ');
INSERT INTO LOOKUP_VALUE(LOOKUP_ID,ENTITY_ID,LOOKUP_NAME)
VALUES(107,34,' ');
INSERT INTO LOOKUP_VALUE(LOOKUP_ID,ENTITY_ID,LOOKUP_NAME)
VALUES(108,34,'BranchOffice');
/* Collateral types*/
INSERT INTO LOOKUP_VALUE(LOOKUP_ID,ENTITY_ID,LOOKUP_NAME)
VALUES(109,43,' ');
INSERT INTO LOOKUP_VALUE(LOOKUP_ID,ENTITY_ID,LOOKUP_NAME)
VALUES(110,43,' ');

INSERT INTO LOOKUP_VALUE(LOOKUP_ID,ENTITY_ID,LOOKUP_NAME)
VALUES(111,44,' ');
INSERT INTO LOOKUP_VALUE(LOOKUP_ID,ENTITY_ID,LOOKUP_NAME)
VALUES(112,44,' ');
INSERT INTO LOOKUP_VALUE(LOOKUP_ID,ENTITY_ID,LOOKUP_NAME)
VALUES(113,45,' ');
INSERT INTO LOOKUP_VALUE(LOOKUP_ID,ENTITY_ID,LOOKUP_NAME)
VALUES(114,45,' ');
INSERT INTO LOOKUP_VALUE(LOOKUP_ID,ENTITY_ID,LOOKUP_NAME)
VALUES(115,46,' ');
INSERT INTO LOOKUP_VALUE(LOOKUP_ID,ENTITY_ID,LOOKUP_NAME)
VALUES(116,46,' ');
INSERT INTO LOOKUP_VALUE(LOOKUP_ID,ENTITY_ID,LOOKUP_NAME)
VALUES(117,46,' ');
INSERT INTO LOOKUP_VALUE(LOOKUP_ID,ENTITY_ID,LOOKUP_NAME)
VALUES(118,47,' ');
INSERT INTO LOOKUP_VALUE(LOOKUP_ID,ENTITY_ID,LOOKUP_NAME)
VALUES(119,47,' ');
INSERT INTO LOOKUP_VALUE(LOOKUP_ID,ENTITY_ID,LOOKUP_NAME)
VALUES(120,48,' ');
INSERT INTO LOOKUP_VALUE(LOOKUP_ID,ENTITY_ID,LOOKUP_NAME)
VALUES(121,48,' ');
INSERT INTO LOOKUP_VALUE(LOOKUP_ID,ENTITY_ID,LOOKUP_NAME)
VALUES(122,49,' ');
INSERT INTO LOOKUP_VALUE(LOOKUP_ID,ENTITY_ID,LOOKUP_NAME)
VALUES(123,49,' ');
INSERT INTO LOOKUP_VALUE(LOOKUP_ID,ENTITY_ID,LOOKUP_NAME)
VALUES(124,50,' ');
INSERT INTO LOOKUP_VALUE(LOOKUP_ID,ENTITY_ID,LOOKUP_NAME)
VALUES(125,50,' ');
INSERT INTO LOOKUP_VALUE(LOOKUP_ID,ENTITY_ID,LOOKUP_NAME)
VALUES(126,51,' ');
INSERT INTO LOOKUP_VALUE(LOOKUP_ID,ENTITY_ID,LOOKUP_NAME)
VALUES(127,51,' ');
INSERT INTO LOOKUP_VALUE(LOOKUP_ID,ENTITY_ID,LOOKUP_NAME)
VALUES(128,52,' ');
INSERT INTO LOOKUP_VALUE(LOOKUP_ID,ENTITY_ID,LOOKUP_NAME)
VALUES(129,52,' ');
INSERT INTO LOOKUP_VALUE(LOOKUP_ID,ENTITY_ID,LOOKUP_NAME)
VALUES(130,18,' ');
INSERT INTO LOOKUP_VALUE(LOOKUP_ID,ENTITY_ID,LOOKUP_NAME)
VALUES(131,18,' ');
INSERT INTO LOOKUP_VALUE(LOOKUP_ID,ENTITY_ID,LOOKUP_NAME)
VALUES(132,19,' ');
INSERT INTO LOOKUP_VALUE(LOOKUP_ID,ENTITY_ID,LOOKUP_NAME)
VALUES(133,19,' ');
INSERT INTO LOOKUP_VALUE(LOOKUP_ID,ENTITY_ID,LOOKUP_NAME)
VALUES(134,20,' ');
INSERT INTO LOOKUP_VALUE(LOOKUP_ID,ENTITY_ID,LOOKUP_NAME)
VALUES(135,20,' ');
INSERT INTO LOOKUP_VALUE(LOOKUP_ID,ENTITY_ID,LOOKUP_NAME)
VALUES(136,21,' ');
INSERT INTO LOOKUP_VALUE(LOOKUP_ID,ENTITY_ID,LOOKUP_NAME)
VALUES(137,21,' ');
INSERT INTO LOOKUP_VALUE(LOOKUP_ID,ENTITY_ID,LOOKUP_NAME)
VALUES(138,22,' ');
INSERT INTO LOOKUP_VALUE(LOOKUP_ID,ENTITY_ID,LOOKUP_NAME)
VALUES(139,22,' ');
INSERT INTO LOOKUP_VALUE(LOOKUP_ID,ENTITY_ID,LOOKUP_NAME)
VALUES(140,51,' ');
/* inserting records for loan account state cancel.The records for the other states have already been added.*/
INSERT INTO LOOKUP_VALUE(LOOKUP_ID,ENTITY_ID,LOOKUP_NAME)
VALUES(141,5,' ');
INSERT INTO LOOKUP_VALUE(LOOKUP_ID,ENTITY_ID,LOOKUP_NAME)
VALUES(142,53,' ');
INSERT INTO LOOKUP_VALUE(LOOKUP_ID,ENTITY_ID,LOOKUP_NAME)
VALUES(143,53,' ');
/* Inserting business activites*/
INSERT INTO LOOKUP_VALUE(LOOKUP_ID,ENTITY_ID,LOOKUP_NAME)
VALUES(144,21,' ');
INSERT INTO LOOKUP_VALUE(LOOKUP_ID,ENTITY_ID,LOOKUP_NAME)
VALUES(145,21,' ');

INSERT INTO LOOKUP_VALUE(LOOKUP_ID,ENTITY_ID,LOOKUP_NAME)
VALUES(146,54,' ');
INSERT INTO LOOKUP_VALUE(LOOKUP_ID,ENTITY_ID,LOOKUP_NAME)
VALUES(147,54,' ');
INSERT INTO LOOKUP_VALUE(LOOKUP_ID,ENTITY_ID,LOOKUP_NAME)
VALUES(148,54,' ');
INSERT INTO LOOKUP_VALUE(LOOKUP_ID,ENTITY_ID,LOOKUP_NAME)
VALUES(149,55,' ');
INSERT INTO LOOKUP_VALUE(LOOKUP_ID,ENTITY_ID,LOOKUP_NAME)
VALUES(150,55,' ');
INSERT INTO LOOKUP_VALUE(LOOKUP_ID,ENTITY_ID,LOOKUP_NAME)
VALUES(151,55,' ');
INSERT INTO LOOKUP_VALUE(LOOKUP_ID,ENTITY_ID,LOOKUP_NAME)
VALUES(152,56,' ');
INSERT INTO LOOKUP_VALUE(LOOKUP_ID,ENTITY_ID,LOOKUP_NAME)
VALUES(153,56,' ');
INSERT INTO LOOKUP_VALUE(LOOKUP_ID,ENTITY_ID,LOOKUP_NAME)
VALUES(154,57,' ');
INSERT INTO LOOKUP_VALUE(LOOKUP_ID,ENTITY_ID,LOOKUP_NAME)
VALUES(155,58,' ');
INSERT INTO LOOKUP_VALUE(LOOKUP_ID,ENTITY_ID,LOOKUP_NAME)
VALUES(156,59,' ');
INSERT INTO LOOKUP_VALUE(LOOKUP_ID,ENTITY_ID,LOOKUP_NAME)
VALUES(157,60,' ');
INSERT INTO LOOKUP_VALUE(LOOKUP_ID,ENTITY_ID,LOOKUP_NAME)
VALUES(158,61,' ');
INSERT INTO LOOKUP_VALUE(LOOKUP_ID,ENTITY_ID,LOOKUP_NAME)
VALUES(159,62,' ');
INSERT INTO LOOKUP_VALUE(LOOKUP_ID,ENTITY_ID,LOOKUP_NAME)
VALUES(160,63,' ');
INSERT INTO LOOKUP_VALUE(LOOKUP_ID,ENTITY_ID,LOOKUP_NAME)
VALUES(161,64,' ');
INSERT INTO LOOKUP_VALUE(LOOKUP_ID,ENTITY_ID,LOOKUP_NAME)
VALUES(162,65,' ');
INSERT INTO LOOKUP_VALUE(LOOKUP_ID,ENTITY_ID,LOOKUP_NAME)
VALUES(163,66,' ');
INSERT INTO LOOKUP_VALUE(LOOKUP_ID,ENTITY_ID,LOOKUP_NAME)
VALUES(164,67,' ');
INSERT INTO LOOKUP_VALUE(LOOKUP_ID,ENTITY_ID,LOOKUP_NAME)
VALUES(165,68,' ');
INSERT INTO LOOKUP_VALUE(LOOKUP_ID,ENTITY_ID,LOOKUP_NAME)
VALUES(166,68,' ');

/*Account Action*/
INSERT INTO LOOKUP_VALUE(LOOKUP_ID,ENTITY_ID,LOOKUP_NAME)
VALUES(167,69,' ');
INSERT INTO LOOKUP_VALUE(LOOKUP_ID,ENTITY_ID,LOOKUP_NAME)
VALUES(168,69,' ');
INSERT INTO LOOKUP_VALUE(LOOKUP_ID,ENTITY_ID,LOOKUP_NAME)
VALUES(169,69,' ');
INSERT INTO LOOKUP_VALUE(LOOKUP_ID,ENTITY_ID,LOOKUP_NAME)
VALUES(170,69,' ');
INSERT INTO LOOKUP_VALUE(LOOKUP_ID,ENTITY_ID,LOOKUP_NAME)
VALUES(171,69,' ');
INSERT INTO LOOKUP_VALUE(LOOKUP_ID,ENTITY_ID,LOOKUP_NAME)
VALUES(172,69,' ');
INSERT INTO LOOKUP_VALUE(LOOKUP_ID,ENTITY_ID,LOOKUP_NAME)
VALUES(173,69,' ');
/*Account Flags*/
INSERT INTO LOOKUP_VALUE(LOOKUP_ID,ENTITY_ID,LOOKUP_NAME)
VALUES(174,70,' ');
INSERT INTO LOOKUP_VALUE(LOOKUP_ID,ENTITY_ID,LOOKUP_NAME)
VALUES(175,70,' ');
INSERT INTO LOOKUP_VALUE(LOOKUP_ID,ENTITY_ID,LOOKUP_NAME)
VALUES(176,70,' ');

/*Payment TYpe*/
INSERT INTO LOOKUP_VALUE(LOOKUP_ID,ENTITY_ID,LOOKUP_NAME)
VALUES(177,71,' ');
/*
INSERT INTO LOOKUP_VALUE(LOOKUP_ID,ENTITY_ID,LOOKUP_NAME)
VALUES(178,71,' ');*/
INSERT INTO LOOKUP_VALUE(LOOKUP_ID,ENTITY_ID,LOOKUP_NAME)
VALUES(179,71,' ');
INSERT INTO LOOKUP_VALUE(LOOKUP_ID,ENTITY_ID,LOOKUP_NAME)
VALUES(180,71,' ');


/*Saving Status*/
INSERT INTO LOOKUP_VALUE(LOOKUP_ID,ENTITY_ID,LOOKUP_NAME)
VALUES(181,72,' ');
INSERT INTO LOOKUP_VALUE(LOOKUP_ID,ENTITY_ID,LOOKUP_NAME)
VALUES(182,72,' ');
INSERT INTO LOOKUP_VALUE(LOOKUP_ID,ENTITY_ID,LOOKUP_NAME)
VALUES(183,72,' ');
INSERT INTO LOOKUP_VALUE(LOOKUP_ID,ENTITY_ID,LOOKUP_NAME)
VALUES(184,72,' ');
INSERT INTO LOOKUP_VALUE(LOOKUP_ID,ENTITY_ID,LOOKUP_NAME)
VALUES(185,72,' ');
INSERT INTO LOOKUP_VALUE(LOOKUP_ID,ENTITY_ID,LOOKUP_NAME)
VALUES(210,72,' ');

INSERT INTO LOOKUP_VALUE(LOOKUP_ID,ENTITY_ID,LOOKUP_NAME)
VALUES(186,73,' ');
INSERT INTO LOOKUP_VALUE(LOOKUP_ID,ENTITY_ID,LOOKUP_NAME)
VALUES(187,73,' ');
INSERT INTO LOOKUP_VALUE(LOOKUP_ID,ENTITY_ID,LOOKUP_NAME)
VALUES(188,73,' ');
/*langauge*/
INSERT INTO LOOKUP_VALUE(LOOKUP_ID,ENTITY_ID,LOOKUP_NAME)
VALUES(189,74,' ');

/*Account Actions  payment ,adjustment and disburse_payment */
INSERT INTO LOOKUP_VALUE(LOOKUP_ID,ENTITY_ID,LOOKUP_NAME)
VALUES(191,69,' ');
INSERT INTO LOOKUP_VALUE(LOOKUP_ID,ENTITY_ID,LOOKUP_NAME)
VALUES(192,69,' ');
INSERT INTO LOOKUP_VALUE(LOOKUP_ID,ENTITY_ID,LOOKUP_NAME)
VALUES(193,69,' ');
INSERT INTO LOOKUP_VALUE 
VALUES(194,75,' ');
INSERT INTO LOOKUP_VALUE
VALUES(195,75,' ');
INSERT INTO LOOKUP_VALUE
VALUES(196,75,' ');
INSERT INTO LOOKUP_VALUE
VALUES(197,75,' ');

INSERT INTO LOOKUP_VALUE 
VALUES(198,76,' ');
INSERT INTO LOOKUP_VALUE 
VALUES(199,76,' ');
INSERT INTO LOOKUP_VALUE 
VALUES(200,76,' ');
INSERT INTO LOOKUP_VALUE 
VALUES(201,76,' ');
INSERT INTO LOOKUP_VALUE 
VALUES(202,76,'999 Account');

INSERT INTO LOOKUP_VALUE VALUES(203,76,'');
INSERT INTO LOOKUP_VALUE VALUES(204,76,'');
INSERT INTO LOOKUP_VALUE VALUES(205,76,'');
INSERT INTO LOOKUP_VALUE VALUES(206,76,'');
INSERT INTO LOOKUP_VALUE VALUES(207,76,'');
INSERT INTO LOOKUP_VALUE VALUES(208,76,'');
INSERT INTO LOOKUP_VALUE VALUES(209,76,'');

/*Savings Account Flags*/
INSERT INTO LOOKUP_VALUE VALUES(211,78,'');
INSERT INTO LOOKUP_VALUE VALUES(212,78,'');
INSERT INTO LOOKUP_VALUE VALUES(213,78,'');

/* for action Interest posting in savings account*/
INSERT INTO LOOKUP_VALUE VALUES(214,69,'');

INSERT INTO LOOKUP_VALUE VALUES(215,76,'');
/**Group Secretary*/
INSERT INTO LOOKUP_VALUE VALUES(216,73,'');
/**More values for Caste*/
INSERT INTO LOOKUP_VALUE VALUES(217,19,'');
INSERT INTO LOOKUP_VALUE VALUES(218,19,'');
INSERT INTO LOOKUP_VALUE VALUES(219,19,'');
/**More values for Mariatl Status*/
INSERT INTO LOOKUP_VALUE VALUES(220,17,'');
/**More values for Religion*/
INSERT INTO LOOKUP_VALUE VALUES(221,18,'');
/*Occupation-Business Activities*/
INSERT INTO LOOKUP_VALUE VALUES(222,21,'');
/*Address3*/
INSERT INTO LOOKUP_VALUE VALUES(223,79,'');
/*City*/
INSERT INTO LOOKUP_VALUE VALUES(224,80,'');
/*Occupation-Business Activities*/
INSERT INTO LOOKUP_VALUE VALUES(225,21,'');
/*Education Level*/
INSERT INTO LOOKUP_VALUE VALUES(226,20,'');
INSERT INTO LOOKUP_VALUE VALUES(227,20,'');
/*Salutation*/
INSERT INTO LOOKUP_VALUE VALUES(228,15,'');
/**Misc fee for financial action*/
INSERT INTO LOOKUP_VALUE VALUES(229,76,'');
/*Loan purposes*/
INSERT INTO LOOKUP_VALUE VALUES(230,82,'');
INSERT INTO LOOKUP_VALUE VALUES(231,82,'');
INSERT INTO LOOKUP_VALUE VALUES(232,82,'');
INSERT INTO LOOKUP_VALUE VALUES(233,82,'');
INSERT INTO LOOKUP_VALUE VALUES(234,82,'');
INSERT INTO LOOKUP_VALUE VALUES(235,82,'');
INSERT INTO LOOKUP_VALUE VALUES(236,82,'');
INSERT INTO LOOKUP_VALUE VALUES(237,82,'');
INSERT INTO LOOKUP_VALUE VALUES(238,82,'');
INSERT INTO LOOKUP_VALUE VALUES(239,82,'');
INSERT INTO LOOKUP_VALUE VALUES(240,82,'');
INSERT INTO LOOKUP_VALUE VALUES(241,82,'');
INSERT INTO LOOKUP_VALUE VALUES(242,82,'');
INSERT INTO LOOKUP_VALUE VALUES(243,82,'');
INSERT INTO LOOKUP_VALUE VALUES(244,82,'');
INSERT INTO LOOKUP_VALUE VALUES(245,82,'');
INSERT INTO LOOKUP_VALUE VALUES(246,82,'');
INSERT INTO LOOKUP_VALUE VALUES(247,82,'');
INSERT INTO LOOKUP_VALUE VALUES(248,82,'');
INSERT INTO LOOKUP_VALUE VALUES(249,82,'');
INSERT INTO LOOKUP_VALUE VALUES(250,82,'');
INSERT INTO LOOKUP_VALUE VALUES(251,82,'');
INSERT INTO LOOKUP_VALUE VALUES(252,82,'');
INSERT INTO LOOKUP_VALUE VALUES(253,82,'');
INSERT INTO LOOKUP_VALUE VALUES(254,82,'');
INSERT INTO LOOKUP_VALUE VALUES(255,82,'');
INSERT INTO LOOKUP_VALUE VALUES(256,82,'');
INSERT INTO LOOKUP_VALUE VALUES(257,82,'');
INSERT INTO LOOKUP_VALUE VALUES(258,82,'');
INSERT INTO LOOKUP_VALUE VALUES(259,82,'');
INSERT INTO LOOKUP_VALUE VALUES(260,82,'');
INSERT INTO LOOKUP_VALUE VALUES(261,82,'');
INSERT INTO LOOKUP_VALUE VALUES(262,82,'');
INSERT INTO LOOKUP_VALUE VALUES(263,82,'');
INSERT INTO LOOKUP_VALUE VALUES(264,82,'');
INSERT INTO LOOKUP_VALUE VALUES(265,82,'');
INSERT INTO LOOKUP_VALUE VALUES(266,82,'');
INSERT INTO LOOKUP_VALUE VALUES(267,82,'');
INSERT INTO LOOKUP_VALUE VALUES(268,82,'');
INSERT INTO LOOKUP_VALUE VALUES(269,82,'');
INSERT INTO LOOKUP_VALUE VALUES(270,82,'');
INSERT INTO LOOKUP_VALUE VALUES(271,82,'');
INSERT INTO LOOKUP_VALUE VALUES(272,82,'');
INSERT INTO LOOKUP_VALUE VALUES(273,82,'');
INSERT INTO LOOKUP_VALUE VALUES(274,82,'');
INSERT INTO LOOKUP_VALUE VALUES(275,82,'');
INSERT INTO LOOKUP_VALUE VALUES(276,82,'');
INSERT INTO LOOKUP_VALUE VALUES(277,82,'');
INSERT INTO LOOKUP_VALUE VALUES(278,82,'');
INSERT INTO LOOKUP_VALUE VALUES(279,82,'');
INSERT INTO LOOKUP_VALUE VALUES(280,82,'');
INSERT INTO LOOKUP_VALUE VALUES(281,82,'');
INSERT INTO LOOKUP_VALUE VALUES(282,82,'');
INSERT INTO LOOKUP_VALUE VALUES(283,82,'');
INSERT INTO LOOKUP_VALUE VALUES(284,82,'');
INSERT INTO LOOKUP_VALUE VALUES(285,82,'');
INSERT INTO LOOKUP_VALUE VALUES(286,82,'');
INSERT INTO LOOKUP_VALUE VALUES(287,82,'');
INSERT INTO LOOKUP_VALUE VALUES(288,82,'');
INSERT INTO LOOKUP_VALUE VALUES(289,82,'');
INSERT INTO LOOKUP_VALUE VALUES(290,82,'');
INSERT INTO LOOKUP_VALUE VALUES(291,82,'');
INSERT INTO LOOKUP_VALUE VALUES(292,82,'');
INSERT INTO LOOKUP_VALUE VALUES(293,82,'');
INSERT INTO LOOKUP_VALUE VALUES(294,82,'');
INSERT INTO LOOKUP_VALUE VALUES(295,82,'');
INSERT INTO LOOKUP_VALUE VALUES(296,82,'');
INSERT INTO LOOKUP_VALUE VALUES(297,82,'');
INSERT INTO LOOKUP_VALUE VALUES(298,82,'');
INSERT INTO LOOKUP_VALUE VALUES(299,82,'');
INSERT INTO LOOKUP_VALUE VALUES(300,82,'');
INSERT INTO LOOKUP_VALUE VALUES(301,82,'');
INSERT INTO LOOKUP_VALUE VALUES(302,82,'');
INSERT INTO LOOKUP_VALUE VALUES(303,82,'');
INSERT INTO LOOKUP_VALUE VALUES(304,82,'');
INSERT INTO LOOKUP_VALUE VALUES(305,82,'');
INSERT INTO LOOKUP_VALUE VALUES(306,82,'');
INSERT INTO LOOKUP_VALUE VALUES(307,82,'');
INSERT INTO LOOKUP_VALUE VALUES(308,82,'');
INSERT INTO LOOKUP_VALUE VALUES(309,82,'');
INSERT INTO LOOKUP_VALUE VALUES(310,82,'');
INSERT INTO LOOKUP_VALUE VALUES(311,82,'');
INSERT INTO LOOKUP_VALUE VALUES(312,82,'');
INSERT INTO LOOKUP_VALUE VALUES(313,82,'');
INSERT INTO LOOKUP_VALUE VALUES(314,82,'');
INSERT INTO LOOKUP_VALUE VALUES(315,82,'');
INSERT INTO LOOKUP_VALUE VALUES(316,82,'');
INSERT INTO LOOKUP_VALUE VALUES(317,82,'');
INSERT INTO LOOKUP_VALUE VALUES(318,82,'');
INSERT INTO LOOKUP_VALUE VALUES(319,82,'');
INSERT INTO LOOKUP_VALUE VALUES(320,82,'');
INSERT INTO LOOKUP_VALUE VALUES(321,82,'');
INSERT INTO LOOKUP_VALUE VALUES(322,82,'');
INSERT INTO LOOKUP_VALUE VALUES(323,82,'');
INSERT INTO LOOKUP_VALUE VALUES(324,82,'');
INSERT INTO LOOKUP_VALUE VALUES(325,82,'');
INSERT INTO LOOKUP_VALUE VALUES(326,82,'');
INSERT INTO LOOKUP_VALUE VALUES(327,82,'');
INSERT INTO LOOKUP_VALUE VALUES(328,82,'');
INSERT INTO LOOKUP_VALUE VALUES(329,82,'');
INSERT INTO LOOKUP_VALUE VALUES(330,82,'');
INSERT INTO LOOKUP_VALUE VALUES(331,82,'');
INSERT INTO LOOKUP_VALUE VALUES(332,82,'');
INSERT INTO LOOKUP_VALUE VALUES(333,82,'');
INSERT INTO LOOKUP_VALUE VALUES(334,82,'');
INSERT INTO LOOKUP_VALUE VALUES(335,82,'');
INSERT INTO LOOKUP_VALUE VALUES(336,82,'');
INSERT INTO LOOKUP_VALUE VALUES(337,82,'');
INSERT INTO LOOKUP_VALUE VALUES(338,82,'');
INSERT INTO LOOKUP_VALUE VALUES(339,82,'');
INSERT INTO LOOKUP_VALUE VALUES(340,82,'');
INSERT INTO LOOKUP_VALUE VALUES(341,82,'');
INSERT INTO LOOKUP_VALUE VALUES(342,82,'');
INSERT INTO LOOKUP_VALUE VALUES(343,82,'');
INSERT INTO LOOKUP_VALUE VALUES(344,82,'');
INSERT INTO LOOKUP_VALUE VALUES(345,82,'');
INSERT INTO LOOKUP_VALUE VALUES(346,82,'');
INSERT INTO LOOKUP_VALUE VALUES(347,82,'');
INSERT INTO LOOKUP_VALUE VALUES(348,82,'');
INSERT INTO LOOKUP_VALUE VALUES(349,82,'');
INSERT INTO LOOKUP_VALUE VALUES(350,82,'');
INSERT INTO LOOKUP_VALUE VALUES(351,82,'');
INSERT INTO LOOKUP_VALUE VALUES(352,82,'');
INSERT INTO LOOKUP_VALUE VALUES(353,82,'');
INSERT INTO LOOKUP_VALUE VALUES(354,82,'');
INSERT INTO LOOKUP_VALUE VALUES(355,82,'');
INSERT INTO LOOKUP_VALUE VALUES(356,82,'');
INSERT INTO LOOKUP_VALUE VALUES(357,82,'');
INSERT INTO LOOKUP_VALUE VALUES(358,82,'');
INSERT INTO LOOKUP_VALUE VALUES(359,82,'');
INSERT INTO LOOKUP_VALUE VALUES(360,82,'');

INSERT INTO LOOKUP_VALUE VALUES(361,76,'');
INSERT INTO LOOKUP_VALUE VALUES(362,69,'');
INSERT INTO LOOKUP_VALUE VALUES(363,76,'');
INSERT INTO LOOKUP_VALUE VALUES(364,69,'');
INSERT INTO LOOKUP_VALUE VALUES(365,76,'');
INSERT INTO LOOKUP_VALUE VALUES(366,69,'');
INSERT INTO LOOKUP_VALUE VALUES(367,76,'');
INSERT INTO LOOKUP_VALUE VALUES(368,76,'');
INSERT INTO LOOKUP_VALUE VALUES(369,76,'');
INSERT INTO LOOKUP_VALUE VALUES(370,76,'');
/**Activity values*/
INSERT INTO LOOKUP_VALUE 
VALUES(371,87, ' ');
INSERT INTO LOOKUP_VALUE 
VALUES(372,87, ' ');
INSERT INTO LOOKUP_VALUE 
VALUES(373,87, ' ');
INSERT INTO LOOKUP_VALUE 
VALUES(374,87, ' ');
INSERT INTO LOOKUP_VALUE 
VALUES(375,87, ' ');
INSERT INTO LOOKUP_VALUE 
VALUES(376,87, ' ');
INSERT INTO LOOKUP_VALUE 
VALUES(377,87, ' ');
INSERT INTO LOOKUP_VALUE 
VALUES(378,87, ' ');
INSERT INTO LOOKUP_VALUE 
VALUES(379,87, ' ');
INSERT INTO LOOKUP_VALUE 
VALUES(380,87, ' ');
INSERT INTO LOOKUP_VALUE 
VALUES(381,87, ' ');
INSERT INTO LOOKUP_VALUE 
VALUES(382,87, ' ');
INSERT INTO LOOKUP_VALUE 
VALUES(383,87, ' ');
INSERT INTO LOOKUP_VALUE 
VALUES(384,87, ' ');
INSERT INTO LOOKUP_VALUE 
VALUES(385,87, ' ');
INSERT INTO LOOKUP_VALUE 
VALUES(386,87, ' ');
INSERT INTO LOOKUP_VALUE 
VALUES(387,87, ' ');
INSERT INTO LOOKUP_VALUE 
VALUES(388,87, ' ');
INSERT INTO LOOKUP_VALUE 
VALUES(389,87, ' ');
INSERT INTO LOOKUP_VALUE 
VALUES(390,87, ' ');
INSERT INTO LOOKUP_VALUE 
VALUES(391,87, ' ');
INSERT INTO LOOKUP_VALUE 
VALUES(392,87, ' ');
INSERT INTO LOOKUP_VALUE 
VALUES(393,87, ' ');
INSERT INTO LOOKUP_VALUE 
VALUES(394,87, ' ');
INSERT INTO LOOKUP_VALUE 
VALUES(395,87, ' ');
INSERT INTO LOOKUP_VALUE 
VALUES(396,87, ' ');
INSERT INTO LOOKUP_VALUE 
VALUES(397,87, ' ');
INSERT INTO LOOKUP_VALUE 
VALUES(398,87, ' ');
INSERT INTO LOOKUP_VALUE 
VALUES(399,87, ' ');
INSERT INTO LOOKUP_VALUE 
VALUES(400,87, ' ');
INSERT INTO LOOKUP_VALUE 
VALUES(401,87, ' ');
INSERT INTO LOOKUP_VALUE 
VALUES(402,87, ' ');
INSERT INTO LOOKUP_VALUE 
VALUES(403,87, ' ');
INSERT INTO LOOKUP_VALUE 
VALUES(404,87, ' ');
INSERT INTO LOOKUP_VALUE 
VALUES(405,87, ' ');
INSERT INTO LOOKUP_VALUE 
VALUES(407,87, ' ');
INSERT INTO LOOKUP_VALUE 
VALUES(408,87, ' ');
INSERT INTO LOOKUP_VALUE 
VALUES(409,87, ' ');
INSERT INTO LOOKUP_VALUE 
VALUES(410,87, ' ');
INSERT INTO LOOKUP_VALUE 
VALUES(411,87, ' ');
INSERT INTO LOOKUP_VALUE 
VALUES(412,87, ' ');
INSERT INTO LOOKUP_VALUE 
VALUES(413,87, ' ');
INSERT INTO LOOKUP_VALUE 
VALUES(414,87, ' ');
INSERT INTO LOOKUP_VALUE 
VALUES(415,87, ' ');
INSERT INTO LOOKUP_VALUE 
VALUES(416,87, ' ');
INSERT INTO LOOKUP_VALUE 
VALUES(417,87, ' ');
INSERT INTO LOOKUP_VALUE 
VALUES(418,87, ' ');
INSERT INTO LOOKUP_VALUE 
VALUES(419,87, ' ');
INSERT INTO LOOKUP_VALUE 
VALUES(420,87, ' ');
INSERT INTO LOOKUP_VALUE 
VALUES(421,87, ' ');
INSERT INTO LOOKUP_VALUE 
VALUES(422,87, ' ');
INSERT INTO LOOKUP_VALUE 
VALUES(423,87, ' ');
INSERT INTO LOOKUP_VALUE 
VALUES(424,87, ' ');
INSERT INTO LOOKUP_VALUE 
VALUES(425,87, ' ');
INSERT INTO LOOKUP_VALUE 
VALUES(426,87, ' ');
INSERT INTO LOOKUP_VALUE 
VALUES(427,87, ' ');
INSERT INTO LOOKUP_VALUE 
VALUES(429,87, ' ');
INSERT INTO LOOKUP_VALUE 
VALUES(430,87, ' ');
INSERT INTO LOOKUP_VALUE 
VALUES(431,87, ' ');
INSERT INTO LOOKUP_VALUE 
VALUES(432,87, ' ');
INSERT INTO LOOKUP_VALUE 
VALUES(433,87, ' ');
INSERT INTO LOOKUP_VALUE 
VALUES(434,87, ' ');
INSERT INTO LOOKUP_VALUE 
VALUES(435,87, ' ');
INSERT INTO LOOKUP_VALUE 
VALUES(436,87, ' ');
INSERT INTO LOOKUP_VALUE 
VALUES(437,87, ' ');
INSERT INTO LOOKUP_VALUE 
VALUES(438,87, ' ');
INSERT INTO LOOKUP_VALUE 
VALUES(439,87, ' ');
INSERT INTO LOOKUP_VALUE 
VALUES(440,87, ' ');
INSERT INTO LOOKUP_VALUE 
VALUES(441,87, ' ');
INSERT INTO LOOKUP_VALUE 
VALUES(442,87, ' ');
INSERT INTO LOOKUP_VALUE 
VALUES(443,87, ' ');
INSERT INTO LOOKUP_VALUE 
VALUES(444,87, ' ');
INSERT INTO LOOKUP_VALUE 
VALUES(446,87, ' ');
INSERT INTO LOOKUP_VALUE 
VALUES(447,87, ' ');
INSERT INTO LOOKUP_VALUE 
VALUES(448,87, ' ');
INSERT INTO LOOKUP_VALUE 
VALUES(449,87, ' ');
INSERT INTO LOOKUP_VALUE 
VALUES(450,87, ' ');
INSERT INTO LOOKUP_VALUE 
VALUES(451,87, ' ');
INSERT INTO LOOKUP_VALUE 
VALUES(452,87, ' ');
INSERT INTO LOOKUP_VALUE 
VALUES(453,87, ' ');
INSERT INTO LOOKUP_VALUE 
VALUES(454,87, ' ');
INSERT INTO LOOKUP_VALUE 
VALUES(455,87, ' ');
INSERT INTO LOOKUP_VALUE 
VALUES(456,87, ' ');
INSERT INTO LOOKUP_VALUE 
VALUES(457,87, ' ');
INSERT INTO LOOKUP_VALUE 
VALUES(458,87, ' ');
INSERT INTO LOOKUP_VALUE 
VALUES(459,87, ' ');
INSERT INTO LOOKUP_VALUE 
VALUES(460,87, ' ');
INSERT INTO LOOKUP_VALUE 
VALUES(461,87, ' ');
INSERT INTO LOOKUP_VALUE 
VALUES(462,87, ' ');
INSERT INTO LOOKUP_VALUE 
VALUES(463,87, ' ');
INSERT INTO LOOKUP_VALUE 
VALUES(464,87, ' ');
INSERT INTO LOOKUP_VALUE 
VALUES(465,87, ' ');
INSERT INTO LOOKUP_VALUE 
VALUES(466,87, ' ');
INSERT INTO LOOKUP_VALUE 
VALUES(467,87, ' ');
INSERT INTO LOOKUP_VALUE 
VALUES(469,87, ' ');
INSERT INTO LOOKUP_VALUE 
VALUES(470,87, ' ');
INSERT INTO LOOKUP_VALUE 
VALUES(471,87, ' ');
INSERT INTO LOOKUP_VALUE 
VALUES(474,87, ' ');
INSERT INTO LOOKUP_VALUE 
VALUES(475,87, ' ');
INSERT INTO LOOKUP_VALUE 
VALUES(476,87, ' ');
INSERT INTO LOOKUP_VALUE 
VALUES(478,87, ' ');
INSERT INTO LOOKUP_VALUE 
VALUES(479,87, ' ');
INSERT INTO LOOKUP_VALUE 
VALUES(480,87, ' ');
INSERT INTO LOOKUP_VALUE 
VALUES(481,87, ' ');
INSERT INTO LOOKUP_VALUE 
VALUES(482,87, ' ');
INSERT INTO LOOKUP_VALUE 
VALUES(483,87, ' ');
INSERT INTO LOOKUP_VALUE 
VALUES(484,87, ' ');
INSERT INTO LOOKUP_VALUE 
VALUES(485,87, ' ');
INSERT INTO LOOKUP_VALUE 
VALUES(486,87, ' ');
INSERT INTO LOOKUP_VALUE 
VALUES(487,87, ' ');
INSERT INTO LOOKUP_VALUE 
VALUES(488,87, ' ');
INSERT INTO LOOKUP_VALUE 
VALUES(489,87, ' ');
INSERT INTO LOOKUP_VALUE 
VALUES(490,87, ' ');
INSERT INTO LOOKUP_VALUE 
VALUES(491,87, ' ');
INSERT INTO LOOKUP_VALUE 
VALUES(492,87, ' ');
INSERT INTO LOOKUP_VALUE 
VALUES(493,87, ' ');
INSERT INTO LOOKUP_VALUE 
VALUES(494,87, ' ');
INSERT INTO LOOKUP_VALUE 
VALUES(495,87, ' ');
INSERT INTO LOOKUP_VALUE 
VALUES(496,87, ' ');
INSERT INTO LOOKUP_VALUE 
VALUES(497,87, ' ');
INSERT INTO LOOKUP_VALUE 
VALUES(498,87, ' ');
INSERT INTO LOOKUP_VALUE 
VALUES(499,87, ' ');
INSERT INTO LOOKUP_VALUE 
VALUES(500,87, ' ');
INSERT INTO LOOKUP_VALUE 
VALUES(501,87, ' ');
INSERT INTO LOOKUP_VALUE 
VALUES(502,87, ' ');
INSERT INTO LOOKUP_VALUE 
VALUES(503,87, ' ');
INSERT INTO LOOKUP_VALUE 
VALUES(504,87, ' ');
INSERT INTO LOOKUP_VALUE 
VALUES(505,87, ' ');
INSERT INTO LOOKUP_VALUE 
VALUES(506,87, ' ');
INSERT INTO LOOKUP_VALUE 
VALUES(507,87, ' ');
INSERT INTO LOOKUP_VALUE 
VALUES(508,87, ' ');
INSERT INTO LOOKUP_VALUE 
VALUES(509,87, ' ');
INSERT INTO LOOKUP_VALUE 
VALUES(510,87, ' ');
INSERT INTO LOOKUP_VALUE 
VALUES(511,87, ' ');
INSERT INTO LOOKUP_VALUE 
VALUES(512,87, ' ');
INSERT INTO LOOKUP_VALUE 
VALUES(513,87, ' ');
INSERT INTO LOOKUP_VALUE 
VALUES(514,87, ' ');
INSERT INTO LOOKUP_VALUE 
VALUES(515,87, ' ');
INSERT INTO LOOKUP_VALUE 
VALUES(516,87, ' ');
INSERT INTO LOOKUP_VALUE 
VALUES(517,87, ' ');
INSERT INTO LOOKUP_VALUE 
VALUES(518,87, ' ');
INSERT INTO LOOKUP_VALUE 
VALUES(519,87, ' ');
INSERT INTO LOOKUP_VALUE 
VALUES(520,87, ' ');
INSERT INTO LOOKUP_VALUE 
VALUES(521,87, ' ');
INSERT INTO LOOKUP_VALUE 
VALUES(522,87, ' ');
INSERT INTO LOOKUP_VALUE 
VALUES(523,87, ' ');
INSERT INTO LOOKUP_VALUE 
VALUES(524,87, ' ');
INSERT INTO LOOKUP_VALUE 
VALUES(525,87, ' ');
INSERT INTO LOOKUP_VALUE 
VALUES(526,87, ' ');
INSERT INTO LOOKUP_VALUE 
VALUES(527,87, ' ');
INSERT INTO LOOKUP_VALUE 
VALUES(528,87, ' ');
INSERT INTO LOOKUP_VALUE 
VALUES(529,87, ' ');
INSERT INTO LOOKUP_VALUE 
VALUES(530,87, ' ');
INSERT INTO LOOKUP_VALUE 
VALUES(531,87, ' ');
INSERT INTO LOOKUP_VALUE 
VALUES(532,87, ' ');
INSERT INTO LOOKUP_VALUE 
VALUES(533,87, ' ');
INSERT INTO LOOKUP_VALUE 
VALUES(534,87, ' ');
INSERT INTO LOOKUP_VALUE 
VALUES(535,87, ' ');
INSERT INTO LOOKUP_VALUE 
VALUES(536,87, ' ');
INSERT INTO LOOKUP_VALUE 
VALUES(537,87, ' ');
INSERT INTO LOOKUP_VALUE 
VALUES(538,87, ' ');
INSERT INTO LOOKUP_VALUE 
VALUES(539,87, ' ');
INSERT INTO LOOKUP_VALUE
VALUES(540,29,' ');
INSERT INTO LOOKUP_VALUE
VALUES(541,29,' ');
INSERT INTO LOOKUP_VALUE
VALUES(542,29,' ');
INSERT INTO LOOKUP_VALUE
VALUES(543,29,' ');
INSERT INTO LOOKUP_VALUE
VALUES(544,29,' ');
INSERT INTO LOOKUP_VALUE
VALUES(545,29,' ');
INSERT INTO LOOKUP_VALUE
VALUES(546,87,' ');
INSERT INTO LOOKUP_VALUE 
VALUES(547,69,' ');
INSERT INTO LOOKUP_VALUE 
VALUES(548,69,' ');
INSERT INTO LOOKUP_VALUE 
VALUES(549,69,' ');
INSERT INTO LOOKUP_VALUE 
VALUES(550,76,' ');
INSERT INTO LOOKUP_VALUE
VALUES(551,87,' ');
INSERT INTO LOOKUP_VALUE
VALUES(552,87,' ');
INSERT INTO LOOKUP_VALUE
VALUES(553,87,' ');
INSERT INTO LOOKUP_VALUE
VALUES(554,87,' ');
INSERT INTO LOOKUP_VALUE 
VALUES(555,87,' ');

INSERT INTO LOOKUP_VALUE 
VALUES(556,89,' ');
INSERT INTO LOOKUP_VALUE 
VALUES(557,89,' ');
INSERT INTO LOOKUP_VALUE VALUES(558,90,' ');
INSERT INTO LOOKUP_VALUE VALUES(559,90,' ');
INSERT INTO LOOKUP_VALUE VALUES(560,87,' ');
INSERT INTO LOOKUP_VALUE VALUES(561,87,' ');
INSERT INTO LOOKUP_VALUE VALUES(562,87,' ');
INSERT INTO LOOKUP_VALUE VALUES(563,87,' ');
INSERT INTO LOOKUP_VALUE VALUES(564,87,' ');
INSERT INTO LOOKUP_VALUE VALUES(565,87,' ');
INSERT INTO LOOKUP_VALUE VALUES(566,87,' ');
INSERT INTO LOOKUP_VALUE VALUES(567,87,' ');
INSERT INTO LOOKUP_VALUE VALUES(568,87,' ');
INSERT INTO LOOKUP_VALUE VALUES(569,87,' ');

/*Personnel Level*/
/* The table personnel level will contain the personnel hierarchy supported by the MFI(This feature is currently not supported) - Configuration */
INSERT INTO PERSONNEL_LEVEL(LEVEL_ID, PARENT_LEVEL_ID, LEVEL_NAME_ID, INTERACTION_FLAG)
VALUES(1,1,60,0);
INSERT INTO PERSONNEL_LEVEL(LEVEL_ID, PARENT_LEVEL_ID, LEVEL_NAME_ID, INTERACTION_FLAG)
VALUES(2,1,61,0);

/* The table Language will contain the language specific attributes like language name etc--Configuration */
INSERT INTO LANGUAGE(LANG_ID,LANG_NAME,LANG_SHORT_NAME,LOOKUP_ID)
VALUES(1,'English','EN',189);

/* The table Supported Locale will contain the locales supported by the MFI like English , french etc - Configuration */
INSERT INTO SUPPORTED_LOCALE(LOCALE_ID,COUNTRY_ID,LANG_ID,LOCALE_NAME,DEFAULT_LOCALE)
VALUES(1,6,1,'EN',1);

/* The table LOOKUP_LABEL will contain the configuration information for the LOOKUP_ENTITY defined,like salutation entity could have mr,mrs etc - Configuration */
INSERT INTO LOOKUP_LABEL(LABEL_ID,ENTITY_ID,LOCALE_ID,ENTITY_NAME)
VALUES(1,1,1,'Client Status');
INSERT INTO LOOKUP_LABEL(LABEL_ID,ENTITY_ID,LOCALE_ID,ENTITY_NAME)
VALUES(3,2,1,'Group Status');
INSERT INTO LOOKUP_LABEL(LABEL_ID,ENTITY_ID,LOCALE_ID,ENTITY_NAME)
VALUES(5,3,1,'Center Status');
INSERT INTO LOOKUP_LABEL(LABEL_ID,ENTITY_ID,LOCALE_ID,ENTITY_NAME)
VALUES(7,4,1,'Office Status');
INSERT INTO LOOKUP_LABEL(LABEL_ID,ENTITY_ID,LOCALE_ID,ENTITY_NAME)
VALUES(9,5,1,'Loan Status');
INSERT INTO LOOKUP_LABEL(LABEL_ID,ENTITY_ID,LOCALE_ID,ENTITY_NAME)
VALUES(11,6,1,'Personnel Status');
INSERT INTO LOOKUP_LABEL(LABEL_ID,ENTITY_ID,LOCALE_ID,ENTITY_NAME)
VALUES(13,7,1,'Group Flag');
INSERT INTO LOOKUP_LABEL(LABEL_ID,ENTITY_ID,LOCALE_ID,ENTITY_NAME)
VALUES(15,8,1,'Fee Type');
INSERT INTO LOOKUP_LABEL(LABEL_ID,ENTITY_ID,LOCALE_ID,ENTITY_NAME)
VALUES(17,9,1,'Titles');
INSERT INTO LOOKUP_LABEL(LABEL_ID,ENTITY_ID,LOCALE_ID,ENTITY_NAME)
VALUES(19,10,1,'Poverty Status');
INSERT INTO LOOKUP_LABEL(LABEL_ID,ENTITY_ID,LOCALE_ID,ENTITY_NAME)
VALUES(21,11,1,'Center');
INSERT INTO LOOKUP_LABEL(LABEL_ID,ENTITY_ID,LOCALE_ID,ENTITY_NAME)
VALUES(23,12,1,'Group');
INSERT INTO LOOKUP_LABEL(LABEL_ID,ENTITY_ID,LOCALE_ID,ENTITY_NAME)
VALUES(25,13,1,'Client');
INSERT INTO LOOKUP_LABEL(LABEL_ID,ENTITY_ID,LOCALE_ID,ENTITY_NAME)
VALUES(27,14,1,'Office');
INSERT INTO LOOKUP_LABEL(LABEL_ID,ENTITY_ID,LOCALE_ID,ENTITY_NAME)
VALUES(29,15,1,'Salutation');
INSERT INTO LOOKUP_LABEL(LABEL_ID,ENTITY_ID,LOCALE_ID,ENTITY_NAME)
VALUES(31,16,1,'Gender');
INSERT INTO LOOKUP_LABEL(LABEL_ID,ENTITY_ID,LOCALE_ID,ENTITY_NAME)
VALUES(33,17,1,'MartialStatus');
INSERT INTO LOOKUP_LABEL(LABEL_ID,ENTITY_ID,LOCALE_ID,ENTITY_NAME)
VALUES(35,18,1,'Citizenship');
INSERT INTO LOOKUP_LABEL(LABEL_ID,ENTITY_ID,LOCALE_ID,ENTITY_NAME)
VALUES(37,19,1,'Ethnicity');
INSERT INTO LOOKUP_LABEL(LABEL_ID,ENTITY_ID,LOCALE_ID,ENTITY_NAME)
VALUES(39,20,1,'EducationLevel');
INSERT INTO LOOKUP_LABEL(LABEL_ID,ENTITY_ID,LOCALE_ID,ENTITY_NAME)
VALUES(41,21,1,'Occupation');
INSERT INTO LOOKUP_LABEL(LABEL_ID,ENTITY_ID,LOCALE_ID,ENTITY_NAME)
VALUES(43,22,1,'Handicapped');
INSERT INTO LOOKUP_LABEL(LABEL_ID,ENTITY_ID,LOCALE_ID,ENTITY_NAME)
VALUES(47,24,1,'Postal Code');
INSERT INTO LOOKUP_LABEL(LABEL_ID,ENTITY_ID,LOCALE_ID,ENTITY_NAME)
VALUES(49,25,1,'Product State');
INSERT INTO LOOKUP_LABEL(LABEL_ID,ENTITY_ID,LOCALE_ID,ENTITY_NAME)
VALUES(51,26,1,'Loan');
INSERT INTO LOOKUP_LABEL(LABEL_ID,ENTITY_ID,LOCALE_ID,ENTITY_NAME)
VALUES(53,27,1,'Savings');
INSERT INTO LOOKUP_LABEL(LABEL_ID,ENTITY_ID,LOCALE_ID,ENTITY_NAME)
VALUES(57,29,1,'User Title');
INSERT INTO LOOKUP_LABEL(LABEL_ID,ENTITY_ID,LOCALE_ID,ENTITY_NAME)
VALUES(59,30,1,'User Hierarchy');
INSERT INTO LOOKUP_LABEL(LABEL_ID,ENTITY_ID,LOCALE_ID,ENTITY_NAME)
VALUES(61,31,1,'CustomField1');
INSERT INTO LOOKUP_LABEL(LABEL_ID,ENTITY_ID,LOCALE_ID,ENTITY_NAME)
VALUES(63,32,1,'CustomField2');
INSERT INTO LOOKUP_LABEL(LABEL_ID,ENTITY_ID,LOCALE_ID,ENTITY_NAME)
VALUES(65,33,1,'CustomField3');
INSERT INTO LOOKUP_LABEL(LABEL_ID,ENTITY_ID,LOCALE_ID,ENTITY_NAME)
VALUES(67,34,1,'OfficeLevel');
INSERT INTO LOOKUP_LABEL(LABEL_ID,ENTITY_ID,LOCALE_ID,ENTITY_NAME)
VALUES(69,35,1,'PrdApplicableMaster');
INSERT INTO LOOKUP_LABEL(LABEL_ID,ENTITY_ID,LOCALE_ID,ENTITY_NAME)
VALUES(71,36,1,'Week Days');
INSERT INTO LOOKUP_LABEL(LABEL_ID,ENTITY_ID,LOCALE_ID,ENTITY_NAME)
VALUES(73,42,1,'Days Rank');
INSERT INTO LOOKUP_LABEL(LABEL_ID,ENTITY_ID,LOCALE_ID,ENTITY_NAME)
VALUES(75,37,1,'InterestTypes');
INSERT INTO LOOKUP_LABEL(LABEL_ID,ENTITY_ID,LOCALE_ID,ENTITY_NAME)
VALUES(76,38,1,'CategoryTypes');
INSERT INTO LOOKUP_LABEL(LABEL_ID,ENTITY_ID,LOCALE_ID,ENTITY_NAME)
VALUES(77,39,1,'InterestCalcRule');

INSERT INTO LOOKUP_LABEL(LABEL_ID,ENTITY_ID,LOCALE_ID,ENTITY_NAME)
VALUES(79,41,1,'GracePeriodTypes');
INSERT INTO LOOKUP_LABEL(LABEL_ID,ENTITY_ID,LOCALE_ID,ENTITY_NAME)
VALUES(80,43,1,'CollateralTypes');
INSERT INTO LOOKUP_LABEL(LABEL_ID,ENTITY_ID,LOCALE_ID,ENTITY_NAME)
VALUES(81,44,1,'Office Code');
INSERT INTO LOOKUP_LABEL(LABEL_ID,ENTITY_ID,LOCALE_ID,ENTITY_NAME)
VALUES(83,45,1,'Product Category Status');
INSERT INTO LOOKUP_LABEL(LABEL_ID,ENTITY_ID,LOCALE_ID,ENTITY_NAME)
VALUES(85,46,1,'Product Status');
INSERT INTO LOOKUP_LABEL(LABEL_ID,ENTITY_ID,LOCALE_ID,ENTITY_NAME)
VALUES(87,47,1,'SAVINGS TYPE');
INSERT INTO LOOKUP_LABEL(LABEL_ID,ENTITY_ID,LOCALE_ID,ENTITY_NAME)
VALUES(89,48,1,'REC AMNT UNIT');
INSERT INTO LOOKUP_LABEL(LABEL_ID,ENTITY_ID,LOCALE_ID,ENTITY_NAME)
VALUES(91,49,1,'INT CALC TYPES');
INSERT INTO LOOKUP_LABEL(LABEL_ID,ENTITY_ID,LOCALE_ID,ENTITY_NAME)
VALUES(93,50,1,'YES/NO');
INSERT INTO LOOKUP_LABEL(LABEL_ID,ENTITY_ID,LOCALE_ID,ENTITY_NAME)
VALUES(95,51,1,'Account Type');
INSERT INTO LOOKUP_LABEL(LABEL_ID,ENTITY_ID,LOCALE_ID,ENTITY_NAME)
VALUES(97,52,1,'Spouse/Father');
INSERT INTO LOOKUP_LABEL(LABEL_ID,ENTITY_ID,LOCALE_ID,ENTITY_NAME)
VALUES(99,53,1,'Customer Status');
INSERT INTO LOOKUP_LABEL(LABEL_ID,ENTITY_ID,LOCALE_ID,ENTITY_NAME)
VALUES(100,54,1,'Fee Payment');
INSERT INTO LOOKUP_LABEL(LABEL_ID,ENTITY_ID,LOCALE_ID,ENTITY_NAME)
VALUES(102,55,1,'Fee Formula Master');
INSERT INTO LOOKUP_LABEL(LABEL_ID,ENTITY_ID,LOCALE_ID,ENTITY_NAME)
VALUES(104,56,1,'Personnel Status');
INSERT INTO LOOKUP_LABEL(LABEL_ID,ENTITY_ID,LOCALE_ID,ENTITY_NAME)
VALUES(106,57,1,'Personnel');
INSERT INTO LOOKUP_LABEL(LABEL_ID,ENTITY_ID,LOCALE_ID,ENTITY_NAME)
VALUES(108,58,1,'Replacement Status');
INSERT INTO LOOKUP_LABEL(LABEL_ID,ENTITY_ID,LOCALE_ID,ENTITY_NAME)
VALUES(110,59,1,'GRT Staff Id');
INSERT INTO LOOKUP_LABEL(LABEL_ID,ENTITY_ID,LOCALE_ID,ENTITY_NAME)
VALUES(112,60,1,'Meeting Time for Center');
INSERT INTO LOOKUP_LABEL(LABEL_ID,ENTITY_ID,LOCALE_ID,ENTITY_NAME)
VALUES(114,61,1,'Distance from BO to Center');
INSERT INTO LOOKUP_LABEL(LABEL_ID,ENTITY_ID,LOCALE_ID,ENTITY_NAME)
VALUES(116,62,1,'External Id');
INSERT INTO LOOKUP_LABEL(LABEL_ID,ENTITY_ID,LOCALE_ID,ENTITY_NAME)
VALUES(118,63,1,'Number of Clients per Group');
INSERT INTO LOOKUP_LABEL(LABEL_ID,ENTITY_ID,LOCALE_ID,ENTITY_NAME)
VALUES(120,64,1,'Number of Clients per Center');
INSERT INTO LOOKUP_LABEL(LABEL_ID,ENTITY_ID,LOCALE_ID,ENTITY_NAME)
VALUES(122,65,1,'Distance from HO to BO for office');
INSERT INTO LOOKUP_LABEL(LABEL_ID,ENTITY_ID,LOCALE_ID,ENTITY_NAME)
VALUES(124,66,1,'External Loan Id');
INSERT INTO LOOKUP_LABEL(LABEL_ID,ENTITY_ID,LOCALE_ID,ENTITY_NAME)
VALUES(126,67,1,'External Savings Id');
INSERT INTO LOOKUP_LABEL(LABEL_ID,ENTITY_ID,LOCALE_ID,ENTITY_NAME)
VALUES(128,68,1,'Fee Status');
INSERT INTO LOOKUP_LABEL(LABEL_ID,ENTITY_ID,LOCALE_ID,ENTITY_NAME)
VALUES(130,69,1,'Account Action');
INSERT INTO LOOKUP_LABEL(LABEL_ID,ENTITY_ID,LOCALE_ID,ENTITY_NAME)
VALUES(132,70,1,'AccountFlags');
INSERT INTO LOOKUP_LABEL(LABEL_ID,ENTITY_ID,LOCALE_ID,ENTITY_NAME)
VALUES(134,71,1,'PaymentType');
INSERT INTO LOOKUP_LABEL(LABEL_ID,ENTITY_ID,LOCALE_ID,ENTITY_NAME)
VALUES(136,72,1,'Partial Application');
INSERT INTO LOOKUP_LABEL(LABEL_ID,ENTITY_ID,LOCALE_ID,ENTITY_NAME)
VALUES(138,72,1,'Application Pending Approval');
INSERT INTO LOOKUP_LABEL(LABEL_ID,ENTITY_ID,LOCALE_ID,ENTITY_NAME)
VALUES(140,72,1,'Cancelled');
INSERT INTO LOOKUP_LABEL(LABEL_ID,ENTITY_ID,LOCALE_ID,ENTITY_NAME)
VALUES(142,72,1,'Active');
INSERT INTO LOOKUP_LABEL(LABEL_ID,ENTITY_ID,LOCALE_ID,ENTITY_NAME)
VALUES(144,72,1,'Closed');
/*language*/
INSERT INTO LOOKUP_LABEL(LABEL_ID,ENTITY_ID,LOCALE_ID,ENTITY_NAME)
VALUES(151,74,1,'Language');
INSERT INTO LOOKUP_LABEL 
VALUES(154,75,1,'CustomerAttendance');
INSERT INTO LOOKUP_LABEL 
VALUES(156,76,1,'Financial Action');
INSERT INTO LOOKUP_LABEL 
VALUES(158,77,1,'Bulk entry');
INSERT INTO LOOKUP_LABEL 
VALUES(160,79,1,'Address 3');
INSERT INTO LOOKUP_LABEL 
VALUES(162,80,1,'City/District');
INSERT INTO LOOKUP_LABEL 
VALUES(164,81,1,'Interest');
INSERT INTO LOOKUP_LABEL 
VALUES(166,82,1,'Loan Purposes');
INSERT INTO LOOKUP_LABEL 
VALUES(167,83,1,'State');
INSERT INTO LOOKUP_LABEL 
VALUES(168,84,1,'Address1');
INSERT INTO LOOKUP_LABEL 
VALUES(169,85,1,'Address2');
INSERT INTO LOOKUP_LABEL 
VALUES(170,86,1,'Government ID');
INSERT INTO LOOKUP_LABEL 
VALUES(171,87,1,'Permissions');
INSERT INTO LOOKUP_LABEL
VALUES(172,88,1,'Interest');

/**LOOKUP_VALUE_LOCALE table*/
/* The table LOOKUP_VALUE_LOCALE will contain the description for a locale for the attributes defined in LOOKUP_LABEL  - Configuration */
INSERT INTO LOOKUP_VALUE_LOCALE(LOOKUP_VALUE_ID,LOCALE_ID,LOOKUP_ID,LOOKUP_VALUE)
VALUES(1,1,1,'Partial Application');
INSERT INTO LOOKUP_VALUE_LOCALE(LOOKUP_VALUE_ID,LOCALE_ID,LOOKUP_ID,LOOKUP_VALUE)
VALUES(3,1,2,'Application Pending Approval');
INSERT INTO LOOKUP_VALUE_LOCALE(LOOKUP_VALUE_ID,LOCALE_ID,LOOKUP_ID,LOOKUP_VALUE)
VALUES(5,1,3,'Active');
INSERT INTO LOOKUP_VALUE_LOCALE(LOOKUP_VALUE_ID,LOCALE_ID,LOOKUP_ID,LOOKUP_VALUE)
VALUES(7,1,4,'On Hold');
INSERT INTO LOOKUP_VALUE_LOCALE(LOOKUP_VALUE_ID,LOCALE_ID,LOOKUP_ID,LOOKUP_VALUE)
VALUES(9,1,5,'Cancelled');
INSERT INTO LOOKUP_VALUE_LOCALE(LOOKUP_VALUE_ID,LOCALE_ID,LOOKUP_ID,LOOKUP_VALUE)
VALUES(11,1,6,'Closed');
INSERT INTO LOOKUP_VALUE_LOCALE(LOOKUP_VALUE_ID,LOCALE_ID,LOOKUP_ID,LOOKUP_VALUE)
VALUES(13,1,7,'Partial Application');
INSERT INTO LOOKUP_VALUE_LOCALE(LOOKUP_VALUE_ID,LOCALE_ID,LOOKUP_ID,LOOKUP_VALUE)
VALUES(15,1,8,'Application Pending Approval');
INSERT INTO LOOKUP_VALUE_LOCALE(LOOKUP_VALUE_ID,LOCALE_ID,LOOKUP_ID,LOOKUP_VALUE)
VALUES(17,1,9,'Active');
INSERT INTO LOOKUP_VALUE_LOCALE(LOOKUP_VALUE_ID,LOCALE_ID,LOOKUP_ID,LOOKUP_VALUE)
VALUES(19,1,10,'On Hold');
INSERT INTO LOOKUP_VALUE_LOCALE(LOOKUP_VALUE_ID,LOCALE_ID,LOOKUP_ID,LOOKUP_VALUE)
VALUES(21,1,11,'Cancelled');
INSERT INTO LOOKUP_VALUE_LOCALE(LOOKUP_VALUE_ID,LOCALE_ID,LOOKUP_ID,LOOKUP_VALUE)
VALUES(23,1,12,'Closed');
INSERT INTO LOOKUP_VALUE_LOCALE(LOOKUP_VALUE_ID,LOCALE_ID,LOOKUP_ID,LOOKUP_VALUE)
VALUES(25,1,13,'Active');
INSERT INTO LOOKUP_VALUE_LOCALE(LOOKUP_VALUE_ID,LOCALE_ID,LOOKUP_ID,LOOKUP_VALUE)
VALUES(27,1,14,'Inactive');
INSERT INTO LOOKUP_VALUE_LOCALE(LOOKUP_VALUE_ID,LOCALE_ID,LOOKUP_ID,LOOKUP_VALUE)
VALUES(29,1,15,'Active');
INSERT INTO LOOKUP_VALUE_LOCALE(LOOKUP_VALUE_ID,LOCALE_ID,LOOKUP_ID,LOOKUP_VALUE)
VALUES(31,1,16,'Inactive');
INSERT INTO LOOKUP_VALUE_LOCALE(LOOKUP_VALUE_ID,LOCALE_ID,LOOKUP_ID,LOOKUP_VALUE)
VALUES(33,1,17,'Partial Application');
INSERT INTO LOOKUP_VALUE_LOCALE(LOOKUP_VALUE_ID,LOCALE_ID,LOOKUP_ID,LOOKUP_VALUE)
VALUES(35,1,18,'Application Pending Approval');
INSERT INTO LOOKUP_VALUE_LOCALE(LOOKUP_VALUE_ID,LOCALE_ID,LOOKUP_ID,LOOKUP_VALUE)
VALUES(37,1,19,'Application Approved');
INSERT INTO LOOKUP_VALUE_LOCALE(LOOKUP_VALUE_ID,LOCALE_ID,LOOKUP_ID,LOOKUP_VALUE)
VALUES(39,1,20,'Disbursed to LO');
INSERT INTO LOOKUP_VALUE_LOCALE(LOOKUP_VALUE_ID,LOCALE_ID,LOOKUP_ID,LOOKUP_VALUE)
VALUES(41,1,21,'Active in Good Standing');
INSERT INTO LOOKUP_VALUE_LOCALE(LOOKUP_VALUE_ID,LOCALE_ID,LOOKUP_ID,LOOKUP_VALUE)
VALUES(43,1,22,'Closed- Obligation met');
INSERT INTO LOOKUP_VALUE_LOCALE(LOOKUP_VALUE_ID,LOCALE_ID,LOOKUP_ID,LOOKUP_VALUE)
VALUES(45,1,23,'Closed- Written Off');
INSERT INTO LOOKUP_VALUE_LOCALE(LOOKUP_VALUE_ID,LOCALE_ID,LOOKUP_ID,LOOKUP_VALUE)
VALUES(47,1,24,'Closed- Rescheduled');
INSERT INTO LOOKUP_VALUE_LOCALE(LOOKUP_VALUE_ID,LOCALE_ID,LOOKUP_ID,LOOKUP_VALUE)
VALUES(49,1,25,'Active in Bad Standing');
INSERT INTO LOOKUP_VALUE_LOCALE(LOOKUP_VALUE_ID,LOCALE_ID,LOOKUP_ID,LOOKUP_VALUE)
VALUES(51,1,26,'Active');
INSERT INTO LOOKUP_VALUE_LOCALE(LOOKUP_VALUE_ID,LOCALE_ID,LOOKUP_ID,LOOKUP_VALUE)
VALUES(53,1,27,'Inactive');
INSERT INTO LOOKUP_VALUE_LOCALE(LOOKUP_VALUE_ID,LOCALE_ID,LOOKUP_ID,LOOKUP_VALUE)
VALUES(55,1,28,'Withdraw');
INSERT INTO LOOKUP_VALUE_LOCALE(LOOKUP_VALUE_ID,LOCALE_ID,LOOKUP_ID,LOOKUP_VALUE)
VALUES(57,1,29,'Rejected');
INSERT INTO LOOKUP_VALUE_LOCALE(LOOKUP_VALUE_ID,LOCALE_ID,LOOKUP_ID,LOOKUP_VALUE)
VALUES(59,1,30,'Blacklisted');
INSERT INTO LOOKUP_VALUE_LOCALE(LOOKUP_VALUE_ID,LOCALE_ID,LOOKUP_ID,LOOKUP_VALUE)
VALUES(61,1,31,'Duplicate');
INSERT INTO LOOKUP_VALUE_LOCALE(LOOKUP_VALUE_ID,LOCALE_ID,LOOKUP_ID,LOOKUP_VALUE)
VALUES(63,1,32,'Transferred');
INSERT INTO LOOKUP_VALUE_LOCALE(LOOKUP_VALUE_ID,LOCALE_ID,LOOKUP_ID,LOOKUP_VALUE)
VALUES(65,1,33,'Left Program');
INSERT INTO LOOKUP_VALUE_LOCALE(LOOKUP_VALUE_ID,LOCALE_ID,LOOKUP_ID,LOOKUP_VALUE)
VALUES(67,1,34,'Other');
INSERT INTO LOOKUP_VALUE_LOCALE(LOOKUP_VALUE_ID,LOCALE_ID,LOOKUP_ID,LOOKUP_VALUE)
VALUES(69,1,35,'Maintenance Fee');
INSERT INTO LOOKUP_VALUE_LOCALE(LOOKUP_VALUE_ID,LOCALE_ID,LOOKUP_ID,LOOKUP_VALUE)
VALUES(71,1,36,'Consultancy Fee');
INSERT INTO LOOKUP_VALUE_LOCALE(LOOKUP_VALUE_ID,LOCALE_ID,LOOKUP_ID,LOOKUP_VALUE)
VALUES(73,1,37,'Training Fee');
INSERT INTO LOOKUP_VALUE_LOCALE(LOOKUP_VALUE_ID,LOCALE_ID,LOOKUP_ID,LOOKUP_VALUE)
VALUES(75,1,38,'Meeting Charges');
INSERT INTO LOOKUP_VALUE_LOCALE(LOOKUP_VALUE_ID,LOCALE_ID,LOOKUP_ID,LOOKUP_VALUE)
VALUES(77,1,39,'President');
INSERT INTO LOOKUP_VALUE_LOCALE(LOOKUP_VALUE_ID,LOCALE_ID,LOOKUP_ID,LOOKUP_VALUE)
VALUES(79,1,40,'Vice President');
INSERT INTO LOOKUP_VALUE_LOCALE(LOOKUP_VALUE_ID,LOCALE_ID,LOOKUP_ID,LOOKUP_VALUE)
VALUES(81,1,41,'Very poor');
INSERT INTO LOOKUP_VALUE_LOCALE(LOOKUP_VALUE_ID,LOCALE_ID,LOOKUP_ID,LOOKUP_VALUE)
VALUES(83,1,42,'Poor');
INSERT INTO LOOKUP_VALUE_LOCALE(LOOKUP_VALUE_ID,LOCALE_ID,LOOKUP_ID,LOOKUP_VALUE)
VALUES(85,1,43,'Non-poor');

INSERT INTO LOOKUP_VALUE_LOCALE(LOOKUP_VALUE_ID,LOCALE_ID,LOOKUP_ID,LOOKUP_VALUE)
VALUES(93,1,47,'Mr');
INSERT INTO LOOKUP_VALUE_LOCALE(LOOKUP_VALUE_ID,LOCALE_ID,LOOKUP_ID,LOOKUP_VALUE)
VALUES(95,1,48,'Mrs');
INSERT INTO LOOKUP_VALUE_LOCALE(LOOKUP_VALUE_ID,LOCALE_ID,LOOKUP_ID,LOOKUP_VALUE)
VALUES(97,1,49,'Male');
INSERT INTO LOOKUP_VALUE_LOCALE(LOOKUP_VALUE_ID,LOCALE_ID,LOOKUP_ID,LOOKUP_VALUE)
VALUES(99,1,50,'Female');
INSERT INTO LOOKUP_VALUE_LOCALE(LOOKUP_VALUE_ID,LOCALE_ID,LOOKUP_ID,LOOKUP_VALUE)
VALUES(101,1,51,'Active');
INSERT INTO LOOKUP_VALUE_LOCALE(LOOKUP_VALUE_ID,LOCALE_ID,LOOKUP_ID,LOOKUP_VALUE)
VALUES(103,1,52,'Inactive');
INSERT INTO LOOKUP_VALUE_LOCALE(LOOKUP_VALUE_ID,LOCALE_ID,LOOKUP_ID,LOOKUP_VALUE)
VALUES(105,1,53,'Close');
INSERT INTO LOOKUP_VALUE_LOCALE(LOOKUP_VALUE_ID,LOCALE_ID,LOOKUP_ID,LOOKUP_VALUE)
VALUES(107,1,54,'Loan');
INSERT INTO LOOKUP_VALUE_LOCALE(LOOKUP_VALUE_ID,LOCALE_ID,LOOKUP_ID,LOOKUP_VALUE)
VALUES(109,1,55,'Savings');
INSERT INTO LOOKUP_VALUE_LOCALE(LOOKUP_VALUE_ID,LOCALE_ID,LOOKUP_ID,LOOKUP_VALUE)
VALUES(113,1,57,'Cashier');
INSERT INTO LOOKUP_VALUE_LOCALE(LOOKUP_VALUE_ID,LOCALE_ID,LOOKUP_ID,LOOKUP_VALUE) 		
VALUES(114,1,58,'Center Manager');
INSERT INTO LOOKUP_VALUE_LOCALE(LOOKUP_VALUE_ID,LOCALE_ID,LOOKUP_ID,LOOKUP_VALUE) 
VALUES(115,1,59,'Branch Manager');
INSERT INTO LOOKUP_VALUE_LOCALE(LOOKUP_VALUE_ID,LOCALE_ID,LOOKUP_ID,LOOKUP_VALUE) 
VALUES(119,1,60,'Loan Officer');
INSERT INTO LOOKUP_VALUE_LOCALE(LOOKUP_VALUE_ID,LOCALE_ID,LOOKUP_ID,LOOKUP_VALUE) 
VALUES(120,1,61,'Non Loan Officer');
INSERT INTO LOOKUP_VALUE_LOCALE(LOOKUP_VALUE_ID,LOCALE_ID,LOOKUP_ID,LOOKUP_VALUE)
VALUES(123,1,62,'CustomField1');
INSERT INTO LOOKUP_VALUE_LOCALE(LOOKUP_VALUE_ID,LOCALE_ID,LOOKUP_ID,LOOKUP_VALUE) 		
VALUES(125,1,63,'CustomField2');
INSERT INTO LOOKUP_VALUE_LOCALE(LOOKUP_VALUE_ID,LOCALE_ID,LOOKUP_ID,LOOKUP_VALUE) 		
VALUES(127,1,64,'CustomField3');
INSERT INTO LOOKUP_VALUE_LOCALE(LOOKUP_VALUE_ID,LOCALE_ID,LOOKUP_ID,LOOKUP_VALUE) 
VALUES(131,1,66,'Married');
INSERT INTO LOOKUP_VALUE_LOCALE(LOOKUP_VALUE_ID,LOCALE_ID,LOOKUP_ID,LOOKUP_VALUE) 
VALUES(133,1,67,'UnMarried');
/*  VALUES for prd_applicable_master*/
INSERT INTO LOOKUP_VALUE_LOCALE(LOOKUP_VALUE_ID,LOCALE_ID,LOOKUP_ID,LOOKUP_VALUE) 		
VALUES(135,1,68,'Clients');
INSERT INTO LOOKUP_VALUE_LOCALE(LOOKUP_VALUE_ID,LOCALE_ID,LOOKUP_ID,LOOKUP_VALUE) 		
VALUES(136,1,69,'Groups');
INSERT INTO LOOKUP_VALUE_LOCALE(LOOKUP_VALUE_ID,LOCALE_ID,LOOKUP_ID,LOOKUP_VALUE) 		
VALUES(137,1,70,'Centers');

/* Look-up values for Days of the Week */
INSERT INTO LOOKUP_VALUE_LOCALE(LOOKUP_VALUE_ID,LOCALE_ID,LOOKUP_ID,LOOKUP_VALUE) 		
VALUES(143,1,72,'Sunday');
INSERT INTO LOOKUP_VALUE_LOCALE(LOOKUP_VALUE_ID,LOCALE_ID,LOOKUP_ID,LOOKUP_VALUE) 		
VALUES(145,1,73,'Monday');
INSERT INTO LOOKUP_VALUE_LOCALE(LOOKUP_VALUE_ID,LOCALE_ID,LOOKUP_ID,LOOKUP_VALUE) 		
VALUES(147,1,74,'Tuesday');
INSERT INTO LOOKUP_VALUE_LOCALE(LOOKUP_VALUE_ID,LOCALE_ID,LOOKUP_ID,LOOKUP_VALUE) 		
VALUES(149,1,75,'Wednesday');
INSERT INTO LOOKUP_VALUE_LOCALE(LOOKUP_VALUE_ID,LOCALE_ID,LOOKUP_ID,LOOKUP_VALUE) 		
VALUES(151,1,76,'Thursday');
INSERT INTO LOOKUP_VALUE_LOCALE(LOOKUP_VALUE_ID,LOCALE_ID,LOOKUP_ID,LOOKUP_VALUE) 		
VALUES(153,1,77,'Friday');
INSERT INTO LOOKUP_VALUE_LOCALE(LOOKUP_VALUE_ID,LOCALE_ID,LOOKUP_ID,LOOKUP_VALUE) 		
VALUES(155,1,78,'Saturday');

/* VALUES for interest rate types*/
INSERT INTO LOOKUP_VALUE_LOCALE(LOOKUP_VALUE_ID,LOCALE_ID,LOOKUP_ID,LOOKUP_VALUE) 		
VALUES(157,1,79,'Flat');
INSERT INTO LOOKUP_VALUE_LOCALE(LOOKUP_VALUE_ID,LOCALE_ID,LOOKUP_ID,LOOKUP_VALUE) 		
VALUES(158,1,80,'Declining Balance');

/* VALUES for category_type*/
INSERT INTO LOOKUP_VALUE_LOCALE(LOOKUP_VALUE_ID,LOCALE_ID,LOOKUP_ID,LOOKUP_VALUE) 		
VALUES(161,1,81,'All Customers');
INSERT INTO LOOKUP_VALUE_LOCALE(LOOKUP_VALUE_ID,LOCALE_ID,LOOKUP_ID,LOOKUP_VALUE) 		
VALUES(162,1,82,'Client');
INSERT INTO LOOKUP_VALUE_LOCALE(LOOKUP_VALUE_ID,LOCALE_ID,LOOKUP_ID,LOOKUP_VALUE) 		
VALUES(163,1,83,'Group');
INSERT INTO LOOKUP_VALUE_LOCALE(LOOKUP_VALUE_ID,LOCALE_ID,LOOKUP_ID,LOOKUP_VALUE) 		
VALUES(164,1,84,'Center');
INSERT INTO LOOKUP_VALUE_LOCALE(LOOKUP_VALUE_ID,LOCALE_ID,LOOKUP_ID,LOOKUP_VALUE) 		
VALUES(165,1,85,'All Product Types');
INSERT INTO LOOKUP_VALUE_LOCALE(LOOKUP_VALUE_ID,LOCALE_ID,LOOKUP_ID,LOOKUP_VALUE) 		
VALUES(166,1,86,'Loans');
INSERT INTO LOOKUP_VALUE_LOCALE(LOOKUP_VALUE_ID,LOCALE_ID,LOOKUP_ID,LOOKUP_VALUE) 		
VALUES(167,1,87,'Savings');

/* VALUES corresponding to interest calculation rules*/
INSERT INTO LOOKUP_VALUE_LOCALE(LOOKUP_VALUE_ID,LOCALE_ID,LOOKUP_ID,LOOKUP_VALUE) 		
VALUES(168,1,88,'Always Recalculate');
INSERT INTO LOOKUP_VALUE_LOCALE(LOOKUP_VALUE_ID,LOCALE_ID,LOOKUP_ID,LOOKUP_VALUE) 		
VALUES(169,1,89,'Never Recalculate');


/* VALUES for possible graceperiod types */
INSERT INTO LOOKUP_VALUE_LOCALE(LOOKUP_VALUE_ID,LOCALE_ID,LOOKUP_ID,LOOKUP_VALUE) 		
VALUES(176,1,96,'None');
INSERT INTO LOOKUP_VALUE_LOCALE(LOOKUP_VALUE_ID,LOCALE_ID,LOOKUP_ID,LOOKUP_VALUE) 		
VALUES(177,1,97,'Grace on all repayments');
INSERT INTO LOOKUP_VALUE_LOCALE(LOOKUP_VALUE_ID,LOCALE_ID,LOOKUP_ID,LOOKUP_VALUE) 		
VALUES(178,1,98,'Principal only grace');
INSERT INTO LOOKUP_VALUE_LOCALE(LOOKUP_VALUE_ID,LOCALE_ID,LOOKUP_ID,LOOKUP_VALUE) 		
VALUES(179,1,99,'First');
INSERT INTO LOOKUP_VALUE_LOCALE(LOOKUP_VALUE_ID,LOCALE_ID,LOOKUP_ID,LOOKUP_VALUE) 		
VALUES(181,1,100,'Second');
INSERT INTO LOOKUP_VALUE_LOCALE(LOOKUP_VALUE_ID,LOCALE_ID,LOOKUP_ID,LOOKUP_VALUE) 		
VALUES(183,1,101,'Third');
INSERT INTO LOOKUP_VALUE_LOCALE(LOOKUP_VALUE_ID,LOCALE_ID,LOOKUP_ID,LOOKUP_VALUE) 	
VALUES(185,1,102,'Fourth');
INSERT INTO LOOKUP_VALUE_LOCALE(LOOKUP_VALUE_ID,LOCALE_ID,LOOKUP_ID,LOOKUP_VALUE) 		
VALUES(187,1,103,'Last');
INSERT INTO LOOKUP_VALUE_LOCALE(LOOKUP_VALUE_ID,LOCALE_ID,LOOKUP_ID,LOOKUP_VALUE) 		
VALUES(189,1,104,'Head Office');
INSERT INTO LOOKUP_VALUE_LOCALE(LOOKUP_VALUE_ID,LOCALE_ID,LOOKUP_ID,LOOKUP_VALUE) 		
VALUES(191,1,105,'Regional Office');
INSERT INTO LOOKUP_VALUE_LOCALE(LOOKUP_VALUE_ID,LOCALE_ID,LOOKUP_ID,LOOKUP_VALUE) 		
VALUES(193,1,106,'Divisional Office');
INSERT INTO LOOKUP_VALUE_LOCALE(LOOKUP_VALUE_ID,LOCALE_ID,LOOKUP_ID,LOOKUP_VALUE) 		
VALUES(195,1,107,'Area Office');
INSERT INTO LOOKUP_VALUE_LOCALE(LOOKUP_VALUE_ID,LOCALE_ID,LOOKUP_ID,LOOKUP_VALUE) 		
VALUES(197,1,108,'Branch Office');

/* Collateral Type VALUES for locale 1*/
INSERT INTO LOOKUP_VALUE_LOCALE(LOOKUP_VALUE_ID,LOCALE_ID,LOOKUP_ID,LOOKUP_VALUE) 		
VALUES(199,1,109,'Type 1');
INSERT INTO LOOKUP_VALUE_LOCALE(LOOKUP_VALUE_ID,LOCALE_ID,LOOKUP_ID,LOOKUP_VALUE) 		
VALUES(200,1,110,'Type 2');

INSERT INTO LOOKUP_VALUE_LOCALE(LOOKUP_VALUE_ID,LOCALE_ID,LOOKUP_ID,LOOKUP_VALUE) 		
VALUES(201,1,111,'Code 1');
INSERT INTO LOOKUP_VALUE_LOCALE(LOOKUP_VALUE_ID,LOCALE_ID,LOOKUP_ID,LOOKUP_VALUE) 		
VALUES(203,1,112,'Code 2');
INSERT INTO LOOKUP_VALUE_LOCALE(LOOKUP_VALUE_ID,LOCALE_ID,LOOKUP_ID,LOOKUP_VALUE) 		
VALUES(205,1,113,'Inactive');
INSERT INTO LOOKUP_VALUE_LOCALE(LOOKUP_VALUE_ID,LOCALE_ID,LOOKUP_ID,LOOKUP_VALUE) 		
VALUES(207,1,114,'Active');
INSERT INTO LOOKUP_VALUE_LOCALE(LOOKUP_VALUE_ID,LOCALE_ID,LOOKUP_ID,LOOKUP_VALUE) 		
VALUES(209,1,115,'Active');
INSERT INTO LOOKUP_VALUE_LOCALE(LOOKUP_VALUE_ID,LOCALE_ID,LOOKUP_ID,LOOKUP_VALUE) 		
VALUES(211,1,116,'Inactive');
INSERT INTO LOOKUP_VALUE_LOCALE(LOOKUP_VALUE_ID,LOCALE_ID,LOOKUP_ID,LOOKUP_VALUE) 		
VALUES(213,1,117,'Closed');
INSERT INTO LOOKUP_VALUE_LOCALE(LOOKUP_VALUE_ID,LOCALE_ID,LOOKUP_ID,LOOKUP_VALUE) 		
VALUES(215,1,118,'Mandatory');
INSERT INTO LOOKUP_VALUE_LOCALE(LOOKUP_VALUE_ID,LOCALE_ID,LOOKUP_ID,LOOKUP_VALUE) 		
VALUES(217,1,119,'Voluntary');
INSERT INTO LOOKUP_VALUE_LOCALE(LOOKUP_VALUE_ID,LOCALE_ID,LOOKUP_ID,LOOKUP_VALUE) 		
VALUES(219,1,120,'Per Individual');
INSERT INTO LOOKUP_VALUE_LOCALE(LOOKUP_VALUE_ID,LOCALE_ID,LOOKUP_ID,LOOKUP_VALUE) 		
VALUES(221,1,121,'Complete Group');
INSERT INTO LOOKUP_VALUE_LOCALE(LOOKUP_VALUE_ID,LOCALE_ID,LOOKUP_ID,LOOKUP_VALUE) 		
VALUES(223,1,122,'Minimum Balance');
INSERT INTO LOOKUP_VALUE_LOCALE(LOOKUP_VALUE_ID,LOCALE_ID,LOOKUP_ID,LOOKUP_VALUE) 		
VALUES(225,1,123,'Average Balance');
INSERT INTO LOOKUP_VALUE_LOCALE(LOOKUP_VALUE_ID,LOCALE_ID,LOOKUP_ID,LOOKUP_VALUE) 		
VALUES(227,1,124,'Yes');
INSERT INTO LOOKUP_VALUE_LOCALE(LOOKUP_VALUE_ID,LOCALE_ID,LOOKUP_ID,LOOKUP_VALUE) 		
VALUES(229,1,125,'No');
INSERT INTO LOOKUP_VALUE_LOCALE(LOOKUP_VALUE_ID,LOCALE_ID,LOOKUP_ID,LOOKUP_VALUE) 		
VALUES(231,1,126,'Loan');
INSERT INTO LOOKUP_VALUE_LOCALE(LOOKUP_VALUE_ID,LOCALE_ID,LOOKUP_ID,LOOKUP_VALUE) 		
VALUES(233,1,127,'Saving');
INSERT INTO LOOKUP_VALUE_LOCALE(LOOKUP_VALUE_ID,LOCALE_ID,LOOKUP_ID,LOOKUP_VALUE) 		
VALUES(235,1,128,'Spouse');
INSERT INTO LOOKUP_VALUE_LOCALE(LOOKUP_VALUE_ID,LOCALE_ID,LOOKUP_ID,LOOKUP_VALUE) 		
VALUES(237,1,129,'Father');
INSERT INTO LOOKUP_VALUE_LOCALE(LOOKUP_VALUE_ID,LOCALE_ID,LOOKUP_ID,LOOKUP_VALUE) 		
VALUES(239,1,130,'Hindu');
INSERT INTO LOOKUP_VALUE_LOCALE(LOOKUP_VALUE_ID,LOCALE_ID,LOOKUP_ID,LOOKUP_VALUE) 		
VALUES(241,1,131,'Muslim');
INSERT INTO LOOKUP_VALUE_LOCALE(LOOKUP_VALUE_ID,LOCALE_ID,LOOKUP_ID,LOOKUP_VALUE) 		
VALUES(243,1,132,'SC');
INSERT INTO LOOKUP_VALUE_LOCALE(LOOKUP_VALUE_ID,LOCALE_ID,LOOKUP_ID,LOOKUP_VALUE) 		
VALUES(245,1,133,'BC');
INSERT INTO LOOKUP_VALUE_LOCALE(LOOKUP_VALUE_ID,LOCALE_ID,LOOKUP_ID,LOOKUP_VALUE) 		
VALUES(247,1,134,'Only Client');
INSERT INTO LOOKUP_VALUE_LOCALE(LOOKUP_VALUE_ID,LOCALE_ID,LOOKUP_ID,LOOKUP_VALUE) 		
VALUES(249,1,135,'Only Husband');
INSERT INTO LOOKUP_VALUE_LOCALE(LOOKUP_VALUE_ID,LOCALE_ID,LOOKUP_ID,LOOKUP_VALUE) 		
VALUES(251,1,136,'Daily Labour');
INSERT INTO LOOKUP_VALUE_LOCALE(LOOKUP_VALUE_ID,LOCALE_ID,LOOKUP_ID,LOOKUP_VALUE) 		
VALUES(253,1,137,'Agriculture');
INSERT INTO LOOKUP_VALUE_LOCALE(LOOKUP_VALUE_ID,LOCALE_ID,LOOKUP_ID,LOOKUP_VALUE) 		
VALUES(255,1,138,'Yes');
INSERT INTO LOOKUP_VALUE_LOCALE(LOOKUP_VALUE_ID,LOCALE_ID,LOOKUP_ID,LOOKUP_VALUE) 		
VALUES(257,1,139,'No');
INSERT INTO LOOKUP_VALUE_LOCALE(LOOKUP_VALUE_ID,LOCALE_ID,LOOKUP_ID,LOOKUP_VALUE) 		
VALUES(259,1,140,'Customer');

/* inserting a record for loan account state cancel. The rows for other states are already added above.*/
INSERT INTO LOOKUP_VALUE_LOCALE(LOOKUP_VALUE_ID,LOCALE_ID,LOOKUP_ID,LOOKUP_VALUE)
VALUES(261,1,141,'Cancel');
INSERT INTO LOOKUP_VALUE_LOCALE(LOOKUP_VALUE_ID,LOCALE_ID,LOOKUP_ID,LOOKUP_VALUE)
VALUES(263,1,142,'Customer Account Active');
INSERT INTO LOOKUP_VALUE_LOCALE(LOOKUP_VALUE_ID,LOCALE_ID,LOOKUP_ID,LOOKUP_VALUE)
VALUES(264,1,143,'Customer Account InActive');

/* Inserting VALUES for business activites field-- stored at a client level.  */
INSERT INTO LOOKUP_VALUE_LOCALE(LOOKUP_VALUE_ID,LOCALE_ID,LOOKUP_ID,LOOKUP_VALUE)
VALUES(265,1,144,'Animal Husbandry');
INSERT INTO LOOKUP_VALUE_LOCALE(LOOKUP_VALUE_ID,LOCALE_ID,LOOKUP_ID,LOOKUP_VALUE)
VALUES(266,1,145,'Micro Enterprise');

/* Inserting VALUES for when one-time fees are charged.   Used when defining a fee, under Admin tab. This should not be configured.  */
INSERT INTO LOOKUP_VALUE_LOCALE(LOOKUP_VALUE_ID,LOCALE_ID,LOOKUP_ID,LOOKUP_VALUE)
VALUES(267,1,146,'Upfront');
INSERT INTO LOOKUP_VALUE_LOCALE(LOOKUP_VALUE_ID,LOCALE_ID,LOOKUP_ID,LOOKUP_VALUE)
VALUES(269,1,147,'Time Of Disburstment');
INSERT INTO LOOKUP_VALUE_LOCALE(LOOKUP_VALUE_ID,LOCALE_ID,LOOKUP_ID,LOOKUP_VALUE)
VALUES(271,1,148,'Time of First Loan Repayment ');

/*Inserting VALUES for FeeFormulaMaster.  Used when defining a fee, under Admin tab.  Note that "Service Charge" is a renaming of interest.  If the label "interest" is renamed in LOOKUP_LABEL, then this word should also be renamed here.  */
INSERT INTO LOOKUP_VALUE_LOCALE(LOOKUP_VALUE_ID,LOCALE_ID,LOOKUP_ID,LOOKUP_VALUE)
VALUES(273,1,149,'Loan Amount');
INSERT INTO LOOKUP_VALUE_LOCALE(LOOKUP_VALUE_ID,LOCALE_ID,LOOKUP_ID,LOOKUP_VALUE)
VALUES(275,1,150,'Loan Amount+Interest');
INSERT INTO LOOKUP_VALUE_LOCALE(LOOKUP_VALUE_ID,LOCALE_ID,LOOKUP_ID,LOOKUP_VALUE)
VALUES(277,1,151,'Interest');
INSERT INTO LOOKUP_VALUE_LOCALE(LOOKUP_VALUE_ID,LOCALE_ID,LOOKUP_ID,LOOKUP_VALUE)
VALUES(279,1,152,'Active');
INSERT INTO LOOKUP_VALUE_LOCALE(LOOKUP_VALUE_ID,LOCALE_ID,LOOKUP_ID,LOOKUP_VALUE)
VALUES(281,1,153,'Inactive');
INSERT INTO LOOKUP_VALUE_LOCALE(LOOKUP_VALUE_ID,LOCALE_ID,LOOKUP_ID,LOOKUP_VALUE)
VALUES(283,1,154,'Personnel');


INSERT INTO LOOKUP_VALUE_LOCALE(LOOKUP_VALUE_ID,LOCALE_ID,LOOKUP_ID,LOOKUP_VALUE)
VALUES(285,1,155,'Custom Field 1');
INSERT INTO LOOKUP_VALUE_LOCALE(LOOKUP_VALUE_ID,LOCALE_ID,LOOKUP_ID,LOOKUP_VALUE)
VALUES(287,1,156,'Custom Field 2');
INSERT INTO LOOKUP_VALUE_LOCALE(LOOKUP_VALUE_ID,LOCALE_ID,LOOKUP_ID,LOOKUP_VALUE)
VALUES(289,1,157,'Custom Field 3');
INSERT INTO LOOKUP_VALUE_LOCALE(LOOKUP_VALUE_ID,LOCALE_ID,LOOKUP_ID,LOOKUP_VALUE)
VALUES(291,1,158,'Custom Field 4');
INSERT INTO LOOKUP_VALUE_LOCALE(LOOKUP_VALUE_ID,LOCALE_ID,LOOKUP_ID,LOOKUP_VALUE)
VALUES(293,1,159,'Custom Field 5');
INSERT INTO LOOKUP_VALUE_LOCALE(LOOKUP_VALUE_ID,LOCALE_ID,LOOKUP_ID,LOOKUP_VALUE)
VALUES(295,1,160,'Custom Field 6');


INSERT INTO LOOKUP_VALUE_LOCALE(LOOKUP_VALUE_ID,LOCALE_ID,LOOKUP_ID,LOOKUP_VALUE)
VALUES(297,1,161,'Custom Field 7');
INSERT INTO LOOKUP_VALUE_LOCALE(LOOKUP_VALUE_ID,LOCALE_ID,LOOKUP_ID,LOOKUP_VALUE)
VALUES(299,1,162,'Custom Field 8');
INSERT INTO LOOKUP_VALUE_LOCALE(LOOKUP_VALUE_ID,LOCALE_ID,LOOKUP_ID,LOOKUP_VALUE)
VALUES(301,1,163,'Custom Field 9');
INSERT INTO LOOKUP_VALUE_LOCALE(LOOKUP_VALUE_ID,LOCALE_ID,LOOKUP_ID,LOOKUP_VALUE)
VALUES(303,1,164,'Custom Field 10');
INSERT INTO LOOKUP_VALUE_LOCALE(LOOKUP_VALUE_ID,LOCALE_ID,LOOKUP_ID,LOOKUP_VALUE)
VALUES(305,1,165,'Active');
INSERT INTO LOOKUP_VALUE_LOCALE(LOOKUP_VALUE_ID,LOCALE_ID,LOOKUP_ID,LOOKUP_VALUE)
VALUES(307,1,166,'InActive');
/*Account Acction*/

INSERT INTO LOOKUP_VALUE_LOCALE(LOOKUP_VALUE_ID,LOCALE_ID,LOOKUP_ID,LOOKUP_VALUE)
VALUES(309,1,167,'Loan Repayment');
INSERT INTO LOOKUP_VALUE_LOCALE(LOOKUP_VALUE_ID,LOCALE_ID,LOOKUP_ID,LOOKUP_VALUE)
VALUES(311,1,168,'Penalty');
INSERT INTO LOOKUP_VALUE_LOCALE(LOOKUP_VALUE_ID,LOCALE_ID,LOOKUP_ID,LOOKUP_VALUE)
VALUES(313,1,169,'Miscellenous Penalty');
INSERT INTO LOOKUP_VALUE_LOCALE(LOOKUP_VALUE_ID,LOCALE_ID,LOOKUP_ID,LOOKUP_VALUE)
VALUES(315,1,170,'Fee');
INSERT INTO LOOKUP_VALUE_LOCALE(LOOKUP_VALUE_ID,LOCALE_ID,LOOKUP_ID,LOOKUP_VALUE)
VALUES(317,1,171,'Miscellenous Fee');
INSERT INTO LOOKUP_VALUE_LOCALE(LOOKUP_VALUE_ID,LOCALE_ID,LOOKUP_ID,LOOKUP_VALUE)
VALUES(319,1,172,'Deposit');
INSERT INTO LOOKUP_VALUE_LOCALE(LOOKUP_VALUE_ID,LOCALE_ID,LOOKUP_ID,LOOKUP_VALUE)
VALUES(321,1,173,'Withdrawal');
/*account flags*/
INSERT INTO LOOKUP_VALUE_LOCALE(LOOKUP_VALUE_ID,LOCALE_ID,LOOKUP_ID,LOOKUP_VALUE)
VALUES(323,1,174,'Withdraw');
INSERT INTO LOOKUP_VALUE_LOCALE(LOOKUP_VALUE_ID,LOCALE_ID,LOOKUP_ID,LOOKUP_VALUE)
VALUES(325,1,175,'Rejected');
INSERT INTO LOOKUP_VALUE_LOCALE(LOOKUP_VALUE_ID,LOCALE_ID,LOOKUP_ID,LOOKUP_VALUE)
VALUES(327,1,176,'Other');

/*Payment Types*/
INSERT INTO LOOKUP_VALUE_LOCALE(LOOKUP_VALUE_ID,LOCALE_ID,LOOKUP_ID,LOOKUP_VALUE)
VALUES(329,1,177,'Cash');


INSERT INTO LOOKUP_VALUE_LOCALE(LOOKUP_VALUE_ID,LOCALE_ID,LOOKUP_ID,LOOKUP_VALUE)
VALUES(337,1,181,'Partial Application');
INSERT INTO LOOKUP_VALUE_LOCALE(LOOKUP_VALUE_ID,LOCALE_ID,LOOKUP_ID,LOOKUP_VALUE)
VALUES(339,1,182,'Application Pending Approval');
INSERT INTO LOOKUP_VALUE_LOCALE(LOOKUP_VALUE_ID,LOCALE_ID,LOOKUP_ID,LOOKUP_VALUE)
VALUES(341,1,183,'Cancelled');
INSERT INTO LOOKUP_VALUE_LOCALE(LOOKUP_VALUE_ID,LOCALE_ID,LOOKUP_ID,LOOKUP_VALUE)
VALUES(343,1,184,'Active');
INSERT INTO LOOKUP_VALUE_LOCALE(LOOKUP_VALUE_ID,LOCALE_ID,LOOKUP_ID,LOOKUP_VALUE)
VALUES(345,1,185,'Closed');
INSERT INTO LOOKUP_VALUE_LOCALE(LOOKUP_VALUE_ID,LOCALE_ID,LOOKUP_ID,LOOKUP_VALUE)
VALUES(407,1,210,'Inactive');

INSERT INTO LOOKUP_VALUE_LOCALE(LOOKUP_VALUE_ID,LOCALE_ID,LOOKUP_ID,LOOKUP_VALUE)
VALUES(347,1,186,'Center Leader');
INSERT INTO LOOKUP_VALUE_LOCALE(LOOKUP_VALUE_ID,LOCALE_ID,LOOKUP_ID,LOOKUP_VALUE)
VALUES(349,1,187,'Center Secretary');
INSERT INTO LOOKUP_VALUE_LOCALE(LOOKUP_VALUE_ID,LOCALE_ID,LOOKUP_ID,LOOKUP_VALUE)
VALUES(351,1,188,'Group Leader');
		
/*for languages*/
INSERT INTO LOOKUP_VALUE_LOCALE(LOOKUP_VALUE_ID,LOCALE_ID,LOOKUP_ID,LOOKUP_VALUE)
VALUES(376,1,189,'English');
		
/*account action payment adjustment*/		
INSERT INTO LOOKUP_VALUE_LOCALE(LOOKUP_VALUE_ID,LOCALE_ID,LOOKUP_ID,LOOKUP_VALUE)
VALUES(380,1,191,'Payment');
INSERT INTO LOOKUP_VALUE_LOCALE(LOOKUP_VALUE_ID,LOCALE_ID,LOOKUP_ID,LOOKUP_VALUE)
VALUES(382,1,192,'Adjustment');
INSERT INTO LOOKUP_VALUE_LOCALE(LOOKUP_VALUE_ID,LOCALE_ID,LOOKUP_ID,LOOKUP_VALUE)
VALUES(384,1,193,'Disbursal');


INSERT INTO LOOKUP_VALUE_LOCALE 
VALUES(386,1,194,'P');
INSERT INTO LOOKUP_VALUE_LOCALE 
VALUES(388,1,195,'Ab');
INSERT INTO LOOKUP_VALUE_LOCALE 
VALUES(390,1,196,'AL');
INSERT INTO LOOKUP_VALUE_LOCALE 
VALUES(392,1,197,'L');

INSERT INTO LOOKUP_VALUE_LOCALE 
VALUES(394,1,198,'Principal');
INSERT INTO LOOKUP_VALUE_LOCALE 
VALUES(395,1,199,'Interest');
INSERT INTO LOOKUP_VALUE_LOCALE 
VALUES(396,1,200,'Fees');
INSERT INTO LOOKUP_VALUE_LOCALE 
VALUES(397,1,201,'Penalty');
INSERT INTO LOOKUP_VALUE_LOCALE
VALUES(398,1,202,'Rounding Adjustments');

INSERT INTO LOOKUP_VALUE_LOCALE VALUES(399,1,203,'Mandatory Deposit');
INSERT INTO LOOKUP_VALUE_LOCALE VALUES(400,1,204,'Voluntory Deposit');
INSERT INTO LOOKUP_VALUE_LOCALE VALUES(401,1,205,'Mandatory Withdrawal');
INSERT INTO LOOKUP_VALUE_LOCALE VALUES(402,1,206,'Voluntory Withdrawal');
INSERT INTO LOOKUP_VALUE_LOCALE VALUES(403,1,207,'Reversal Adjustment');
INSERT INTO LOOKUP_VALUE_LOCALE VALUES(404,1,208,'Savings Interest Posting');
INSERT INTO LOOKUP_VALUE_LOCALE VALUES(405,1,209,'Interest_Posting');

/*Savings account flags*/
INSERT INTO LOOKUP_VALUE_LOCALE(LOOKUP_VALUE_ID,LOCALE_ID,LOOKUP_ID,LOOKUP_VALUE)
VALUES(409,1,211,'Withdraw');
INSERT INTO LOOKUP_VALUE_LOCALE(LOOKUP_VALUE_ID,LOCALE_ID,LOOKUP_ID,LOOKUP_VALUE)
VALUES(411,1,212,'Rejected');
INSERT INTO LOOKUP_VALUE_LOCALE(LOOKUP_VALUE_ID,LOCALE_ID,LOOKUP_ID,LOOKUP_VALUE)
VALUES(413,1,213,'Blacklisted');
INSERT INTO LOOKUP_VALUE_LOCALE VALUES(415,1,214,'Interest_Posting');


INSERT INTO LOOKUP_VALUE_LOCALE VALUES(417,1,215,'Loan Disbursement');
/**Group secretary position added*/
INSERT INTO LOOKUP_VALUE_LOCALE(LOOKUP_VALUE_ID,LOCALE_ID,LOOKUP_ID,LOOKUP_VALUE)
VALUES(418,1,216,'Group Secretary');
/*Caste values added for GK*/
INSERT INTO LOOKUP_VALUE_LOCALE(LOOKUP_VALUE_ID,LOCALE_ID,LOOKUP_ID,LOOKUP_VALUE) 		
VALUES(420,1,217,'ST');
INSERT INTO LOOKUP_VALUE_LOCALE(LOOKUP_VALUE_ID,LOCALE_ID,LOOKUP_ID,LOOKUP_VALUE) 		
VALUES(422,1,218,'OBC');
INSERT INTO LOOKUP_VALUE_LOCALE(LOOKUP_VALUE_ID,LOCALE_ID,LOOKUP_ID,LOOKUP_VALUE) 		
VALUES(424,1,219,'FC');
/*Marital Status*/
INSERT INTO LOOKUP_VALUE_LOCALE(LOOKUP_VALUE_ID,LOCALE_ID,LOOKUP_ID,LOOKUP_VALUE) 		
VALUES(426,1,220,'Widowed');
/*Religion*/
INSERT INTO LOOKUP_VALUE_LOCALE(LOOKUP_VALUE_ID,LOCALE_ID,LOOKUP_ID,LOOKUP_VALUE) 		
VALUES(428,1,221,'Christian');
/*Occupation-Business activities*/
INSERT INTO LOOKUP_VALUE_LOCALE(LOOKUP_VALUE_ID,LOCALE_ID,LOOKUP_ID,LOOKUP_VALUE) 		
VALUES(430,1,222,'Production');
INSERT INTO LOOKUP_VALUE_LOCALE(LOOKUP_VALUE_ID,LOCALE_ID,LOOKUP_ID,LOOKUP_VALUE) 		
VALUES(432,1,225,'Trading');
/*Education Level*/
INSERT INTO LOOKUP_VALUE_LOCALE(LOOKUP_VALUE_ID,LOCALE_ID,LOOKUP_ID,LOOKUP_VALUE) 		
VALUES(434,1,226,'Both Literate');
INSERT INTO LOOKUP_VALUE_LOCALE(LOOKUP_VALUE_ID,LOCALE_ID,LOOKUP_ID,LOOKUP_VALUE) 		
VALUES(436,1,227,'Both Illiterate');
/*Salutation*/
INSERT INTO LOOKUP_VALUE_LOCALE(LOOKUP_VALUE_ID,LOCALE_ID,LOOKUP_ID,LOOKUP_VALUE) 		
VALUES(438,1,228,'Ms');
INSERT INTO LOOKUP_VALUE_LOCALE VALUES(440,1,229,'Misc Fee');
/*Loan Purposes*/
INSERT INTO LOOKUP_VALUE_LOCALE(LOOKUP_VALUE_ID,LOCALE_ID,LOOKUP_ID,LOOKUP_VALUE) 		
VALUES(441,1,230,'0000-Animal Husbandry');
INSERT INTO LOOKUP_VALUE_LOCALE(LOOKUP_VALUE_ID,LOCALE_ID,LOOKUP_ID,LOOKUP_VALUE) 		
VALUES(443,1,231,'0001-Cow Purchase');
INSERT INTO LOOKUP_VALUE_LOCALE(LOOKUP_VALUE_ID,LOCALE_ID,LOOKUP_ID,LOOKUP_VALUE) 		
VALUES(445,1,232,'0002-Buffalo Purchase');
INSERT INTO LOOKUP_VALUE_LOCALE(LOOKUP_VALUE_ID,LOCALE_ID,LOOKUP_ID,LOOKUP_VALUE) 		
VALUES(447,1,233,'0003-Goat Purchase');
INSERT INTO LOOKUP_VALUE_LOCALE(LOOKUP_VALUE_ID,LOCALE_ID,LOOKUP_ID,LOOKUP_VALUE) 		
VALUES(449,1,234,'0004-Ox/Buffalo');
INSERT INTO LOOKUP_VALUE_LOCALE(LOOKUP_VALUE_ID,LOCALE_ID,LOOKUP_ID,LOOKUP_VALUE) 		
VALUES(451,1,235,'0005-Pig Raising');
INSERT INTO LOOKUP_VALUE_LOCALE(LOOKUP_VALUE_ID,LOCALE_ID,LOOKUP_ID,LOOKUP_VALUE) 		
VALUES(453,1,236,'0006-Chicken Raising');
INSERT INTO LOOKUP_VALUE_LOCALE(LOOKUP_VALUE_ID,LOCALE_ID,LOOKUP_ID,LOOKUP_VALUE) 		
VALUES(455,1,237,'0007-Donkey Raising');
INSERT INTO LOOKUP_VALUE_LOCALE(LOOKUP_VALUE_ID,LOCALE_ID,LOOKUP_ID,LOOKUP_VALUE) 		
VALUES(457,1,238,'0008-Animal Trading');
INSERT INTO LOOKUP_VALUE_LOCALE(LOOKUP_VALUE_ID,LOCALE_ID,LOOKUP_ID,LOOKUP_VALUE) 		
VALUES(459,1,239,'0009-Horse');
INSERT INTO LOOKUP_VALUE_LOCALE(LOOKUP_VALUE_ID,LOCALE_ID,LOOKUP_ID,LOOKUP_VALUE) 		
VALUES(461,1,240,'0010-Camel');
INSERT INTO LOOKUP_VALUE_LOCALE(LOOKUP_VALUE_ID,LOCALE_ID,LOOKUP_ID,LOOKUP_VALUE) 		
VALUES(463,1,241,'0011-Bear');
INSERT INTO LOOKUP_VALUE_LOCALE(LOOKUP_VALUE_ID,LOCALE_ID,LOOKUP_ID,LOOKUP_VALUE) 		
VALUES(465,1,242,'0012-Sheep Purchase');
INSERT INTO LOOKUP_VALUE_LOCALE(LOOKUP_VALUE_ID,LOCALE_ID,LOOKUP_ID,LOOKUP_VALUE) 		
VALUES(467,1,243,'0013-Hybrid Cow');
INSERT INTO LOOKUP_VALUE_LOCALE(LOOKUP_VALUE_ID,LOCALE_ID,LOOKUP_ID,LOOKUP_VALUE) 		
VALUES(469,1,244,'0014-Photo Frame Work');
INSERT INTO LOOKUP_VALUE_LOCALE(LOOKUP_VALUE_ID,LOCALE_ID,LOOKUP_ID,LOOKUP_VALUE) 		
VALUES(471,1,245,'0021-Fishery');
INSERT INTO LOOKUP_VALUE_LOCALE(LOOKUP_VALUE_ID,LOCALE_ID,LOOKUP_ID,LOOKUP_VALUE) 		
VALUES(473,1,246,'0100-Trading');
INSERT INTO LOOKUP_VALUE_LOCALE(LOOKUP_VALUE_ID,LOCALE_ID,LOOKUP_ID,LOOKUP_VALUE) 		
VALUES(475,1,247,'0101-Paddy Bag Business');
INSERT INTO LOOKUP_VALUE_LOCALE(LOOKUP_VALUE_ID,LOCALE_ID,LOOKUP_ID,LOOKUP_VALUE) 		
VALUES(477,1,248,'0102-Vegetable Selling');
INSERT INTO LOOKUP_VALUE_LOCALE(LOOKUP_VALUE_ID,LOCALE_ID,LOOKUP_ID,LOOKUP_VALUE) 		
VALUES(479,1,249,'0103-Fruit Selling');
INSERT INTO LOOKUP_VALUE_LOCALE(LOOKUP_VALUE_ID,LOCALE_ID,LOOKUP_ID,LOOKUP_VALUE) 		
VALUES(481,1,250,'0104-Bangles Trading');
INSERT INTO LOOKUP_VALUE_LOCALE(LOOKUP_VALUE_ID,LOCALE_ID,LOOKUP_ID,LOOKUP_VALUE) 		
VALUES(483,1,251,'0105-Tea Shop');
INSERT INTO LOOKUP_VALUE_LOCALE(LOOKUP_VALUE_ID,LOCALE_ID,LOOKUP_ID,LOOKUP_VALUE) 		
VALUES(485,1,252,'0106-Cosmetics Selling');
INSERT INTO LOOKUP_VALUE_LOCALE(LOOKUP_VALUE_ID,LOCALE_ID,LOOKUP_ID,LOOKUP_VALUE) 		
VALUES(487,1,253,'0107-General Stores');
INSERT INTO LOOKUP_VALUE_LOCALE(LOOKUP_VALUE_ID,LOCALE_ID,LOOKUP_ID,LOOKUP_VALUE) 		
VALUES(489,1,254,'0108-Flour Mill');
INSERT INTO LOOKUP_VALUE_LOCALE(LOOKUP_VALUE_ID,LOCALE_ID,LOOKUP_ID,LOOKUP_VALUE) 		
VALUES(491,1,255,'0109-Hotel Trading');
INSERT INTO LOOKUP_VALUE_LOCALE(LOOKUP_VALUE_ID,LOCALE_ID,LOOKUP_ID,LOOKUP_VALUE) 		
VALUES(493,1,256,'0110-Toddy Business');
INSERT INTO LOOKUP_VALUE_LOCALE(LOOKUP_VALUE_ID,LOCALE_ID,LOOKUP_ID,LOOKUP_VALUE) 		
VALUES(495,1,257,'0111-Pan Shop');
INSERT INTO LOOKUP_VALUE_LOCALE(LOOKUP_VALUE_ID,LOCALE_ID,LOOKUP_ID,LOOKUP_VALUE) 		
VALUES(497,1,258,'0112-PanLeaf Trading');
INSERT INTO LOOKUP_VALUE_LOCALE(LOOKUP_VALUE_ID,LOCALE_ID,LOOKUP_ID,LOOKUP_VALUE) 		
VALUES(499,1,260,'0113-Madical Stors');
INSERT INTO LOOKUP_VALUE_LOCALE(LOOKUP_VALUE_ID,LOCALE_ID,LOOKUP_ID,LOOKUP_VALUE) 		
VALUES(501,1,261,'0114-Meat Selling');
INSERT INTO LOOKUP_VALUE_LOCALE(LOOKUP_VALUE_ID,LOCALE_ID,LOOKUP_ID,LOOKUP_VALUE) 		
VALUES(503,1,262,'0115-Oil Selling');
INSERT INTO LOOKUP_VALUE_LOCALE(LOOKUP_VALUE_ID,LOCALE_ID,LOOKUP_ID,LOOKUP_VALUE) 		
VALUES(505,1,264,'0116-Chat Shop');
INSERT INTO LOOKUP_VALUE_LOCALE(LOOKUP_VALUE_ID,LOCALE_ID,LOOKUP_ID,LOOKUP_VALUE) 		
VALUES(507,1,265,'0117-Paint Shop');
INSERT INTO LOOKUP_VALUE_LOCALE(LOOKUP_VALUE_ID,LOCALE_ID,LOOKUP_ID,LOOKUP_VALUE) 		
VALUES(509,1,266,'0118-Egg Shop');
INSERT INTO LOOKUP_VALUE_LOCALE(LOOKUP_VALUE_ID,LOCALE_ID,LOOKUP_ID,LOOKUP_VALUE) 		
VALUES(511,1,267,'0119-Shoe Maker');
INSERT INTO LOOKUP_VALUE_LOCALE(LOOKUP_VALUE_ID,LOCALE_ID,LOOKUP_ID,LOOKUP_VALUE) 		
VALUES(513,1,268,'0120-Petty Shop');
INSERT INTO LOOKUP_VALUE_LOCALE(LOOKUP_VALUE_ID,LOCALE_ID,LOOKUP_ID,LOOKUP_VALUE) 		
VALUES(515,1,269,'0121-Flower Business');

/**/
INSERT INTO LOOKUP_VALUE_LOCALE(LOOKUP_VALUE_ID,LOCALE_ID,LOOKUP_ID,LOOKUP_VALUE) 		
VALUES(517,1,270,'0122-Bakery');
INSERT INTO LOOKUP_VALUE_LOCALE(LOOKUP_VALUE_ID,LOCALE_ID,LOOKUP_ID,LOOKUP_VALUE) 		
VALUES(519,1,271,'0123-Coconut Business');
INSERT INTO LOOKUP_VALUE_LOCALE(LOOKUP_VALUE_ID,LOCALE_ID,LOOKUP_ID,LOOKUP_VALUE) 		
VALUES(521,1,272,'0124-Electricals');
INSERT INTO LOOKUP_VALUE_LOCALE(LOOKUP_VALUE_ID,LOCALE_ID,LOOKUP_ID,LOOKUP_VALUE) 		
VALUES(523,1,273,'0125-Groundnut Business');
INSERT INTO LOOKUP_VALUE_LOCALE(LOOKUP_VALUE_ID,LOCALE_ID,LOOKUP_ID,LOOKUP_VALUE) 		
VALUES(525,1,274,'0126-Scrap Business');
INSERT INTO LOOKUP_VALUE_LOCALE(LOOKUP_VALUE_ID,LOCALE_ID,LOOKUP_ID,LOOKUP_VALUE) 		
VALUES(527,1,275,'0127-Broom Stick Business');
INSERT INTO LOOKUP_VALUE_LOCALE(LOOKUP_VALUE_ID,LOCALE_ID,LOOKUP_ID,LOOKUP_VALUE) 		
VALUES(529,1,276,'0128-Plastic Business');
INSERT INTO LOOKUP_VALUE_LOCALE(LOOKUP_VALUE_ID,LOCALE_ID,LOOKUP_ID,LOOKUP_VALUE) 		
VALUES(531,1,277,'0129-Petrol Business');
INSERT INTO LOOKUP_VALUE_LOCALE(LOOKUP_VALUE_ID,LOCALE_ID,LOOKUP_ID,LOOKUP_VALUE) 		
VALUES(533,1,278,'0130-Steel Business');
INSERT INTO LOOKUP_VALUE_LOCALE(LOOKUP_VALUE_ID,LOCALE_ID,LOOKUP_ID,LOOKUP_VALUE) 		
VALUES(535,1,279,'0131-Banana leaf Business');
INSERT INTO LOOKUP_VALUE_LOCALE(LOOKUP_VALUE_ID,LOCALE_ID,LOOKUP_ID,LOOKUP_VALUE) 		
VALUES(537,1,280,'0132-Stationary Shop');

/***/
INSERT INTO LOOKUP_VALUE_LOCALE(LOOKUP_VALUE_ID,LOCALE_ID,LOOKUP_ID,LOOKUP_VALUE) 		
VALUES(539,1,281,'0200-Production');
INSERT INTO LOOKUP_VALUE_LOCALE(LOOKUP_VALUE_ID,LOCALE_ID,LOOKUP_ID,LOOKUP_VALUE) 		
VALUES(541,1,282,'0201-Brick Making');
INSERT INTO LOOKUP_VALUE_LOCALE(LOOKUP_VALUE_ID,LOCALE_ID,LOOKUP_ID,LOOKUP_VALUE) 		
VALUES(543,1,283,'0202-Mat Weaving');
INSERT INTO LOOKUP_VALUE_LOCALE(LOOKUP_VALUE_ID,LOCALE_ID,LOOKUP_ID,LOOKUP_VALUE) 		
VALUES(545,1,284,'0203-Cloth Selling');
INSERT INTO LOOKUP_VALUE_LOCALE(LOOKUP_VALUE_ID,LOCALE_ID,LOOKUP_ID,LOOKUP_VALUE) 		
VALUES(547,1,285,'0204-Sewing Machine');
INSERT INTO LOOKUP_VALUE_LOCALE(LOOKUP_VALUE_ID,LOCALE_ID,LOOKUP_ID,LOOKUP_VALUE) 		
VALUES(549,1,286,'0205-Wood Selling');
INSERT INTO LOOKUP_VALUE_LOCALE(LOOKUP_VALUE_ID,LOCALE_ID,LOOKUP_ID,LOOKUP_VALUE) 		
VALUES(551,1,287,'0206-Bedi Making');
INSERT INTO LOOKUP_VALUE_LOCALE(LOOKUP_VALUE_ID,LOCALE_ID,LOOKUP_ID,LOOKUP_VALUE) 		
VALUES(553,1,288,'0207-Carpet Weaving');
INSERT INTO LOOKUP_VALUE_LOCALE(LOOKUP_VALUE_ID,LOCALE_ID,LOOKUP_ID,LOOKUP_VALUE) 		
VALUES(555,1,289,'0208-Motor Body Making');
INSERT INTO LOOKUP_VALUE_LOCALE(LOOKUP_VALUE_ID,LOCALE_ID,LOOKUP_ID,LOOKUP_VALUE) 		
VALUES(557,1,290,'0209-Building Material');
INSERT INTO LOOKUP_VALUE_LOCALE(LOOKUP_VALUE_ID,LOCALE_ID,LOOKUP_ID,LOOKUP_VALUE) 		
VALUES(559,1,291,'0210-Chain Pulley');
INSERT INTO LOOKUP_VALUE_LOCALE(LOOKUP_VALUE_ID,LOCALE_ID,LOOKUP_ID,LOOKUP_VALUE) 		
VALUES(561,1,292,'0211-Zig-zag Machine');
INSERT INTO LOOKUP_VALUE_LOCALE(LOOKUP_VALUE_ID,LOCALE_ID,LOOKUP_ID,LOOKUP_VALUE) 		
VALUES(563,1,293,'0212-Papad Business');
INSERT INTO LOOKUP_VALUE_LOCALE(LOOKUP_VALUE_ID,LOCALE_ID,LOOKUP_ID,LOOKUP_VALUE) 		
VALUES(565,1,294,'0213-Tiles Business');
INSERT INTO LOOKUP_VALUE_LOCALE(LOOKUP_VALUE_ID,LOCALE_ID,LOOKUP_ID,LOOKUP_VALUE) 		
VALUES(567,1,295,'0214-Welding Shop');
INSERT INTO LOOKUP_VALUE_LOCALE(LOOKUP_VALUE_ID,LOCALE_ID,LOOKUP_ID,LOOKUP_VALUE) 		
VALUES(569,1,296,'0215-Bed Business');
INSERT INTO LOOKUP_VALUE_LOCALE(LOOKUP_VALUE_ID,LOCALE_ID,LOOKUP_ID,LOOKUP_VALUE) 		
VALUES(571,1,297,'0216-Rope Business');
INSERT INTO LOOKUP_VALUE_LOCALE(LOOKUP_VALUE_ID,LOCALE_ID,LOOKUP_ID,LOOKUP_VALUE) 		
VALUES(573,1,298,'0217-Agarbatti Business');
INSERT INTO LOOKUP_VALUE_LOCALE(LOOKUP_VALUE_ID,LOCALE_ID,LOOKUP_ID,LOOKUP_VALUE) 		
VALUES(575,1,299,'0300-Transportation');
INSERT INTO LOOKUP_VALUE_LOCALE(LOOKUP_VALUE_ID,LOCALE_ID,LOOKUP_ID,LOOKUP_VALUE) 		
VALUES(577,1,300,'0301-Push Cart/Sagari');
INSERT INTO LOOKUP_VALUE_LOCALE(LOOKUP_VALUE_ID,LOCALE_ID,LOOKUP_ID,LOOKUP_VALUE) 		
VALUES(579,1,301,'0302-Cycle Rickshaw');
INSERT INTO LOOKUP_VALUE_LOCALE(LOOKUP_VALUE_ID,LOCALE_ID,LOOKUP_ID,LOOKUP_VALUE) 		
VALUES(581,1,302,'0303-Bicycle Repairing');
INSERT INTO LOOKUP_VALUE_LOCALE(LOOKUP_VALUE_ID,LOCALE_ID,LOOKUP_ID,LOOKUP_VALUE) 		
VALUES(583,1,303,'0304-Auto Repairing');
INSERT INTO LOOKUP_VALUE_LOCALE(LOOKUP_VALUE_ID,LOCALE_ID,LOOKUP_ID,LOOKUP_VALUE) 		
VALUES(585,1,304,'0305-Bullock Carts');
INSERT INTO LOOKUP_VALUE_LOCALE(LOOKUP_VALUE_ID,LOCALE_ID,LOOKUP_ID,LOOKUP_VALUE) 		
VALUES(587,1,305,'0306-Thresar Machine');
INSERT INTO LOOKUP_VALUE_LOCALE(LOOKUP_VALUE_ID,LOCALE_ID,LOOKUP_ID,LOOKUP_VALUE) 		
VALUES(589,1,306,'0307-Video Set');
INSERT INTO LOOKUP_VALUE_LOCALE(LOOKUP_VALUE_ID,LOCALE_ID,LOOKUP_ID,LOOKUP_VALUE) 		
VALUES(591,1,307,'0308-Mujack Machine');
INSERT INTO LOOKUP_VALUE_LOCALE(LOOKUP_VALUE_ID,LOCALE_ID,LOOKUP_ID,LOOKUP_VALUE) 		
VALUES(593,1,308,'0309-Biskut Fery');
INSERT INTO LOOKUP_VALUE_LOCALE(LOOKUP_VALUE_ID,LOCALE_ID,LOOKUP_ID,LOOKUP_VALUE) 		
VALUES(595,1,309,'0310-Horse Cart');
INSERT INTO LOOKUP_VALUE_LOCALE(LOOKUP_VALUE_ID,LOCALE_ID,LOOKUP_ID,LOOKUP_VALUE) 		
VALUES(597,1,310,'0311-Auto Purchase');
INSERT INTO LOOKUP_VALUE_LOCALE(LOOKUP_VALUE_ID,LOCALE_ID,LOOKUP_ID,LOOKUP_VALUE) 		
VALUES(599,1,311,'0400-Agriculture');
INSERT INTO LOOKUP_VALUE_LOCALE(LOOKUP_VALUE_ID,LOCALE_ID,LOOKUP_ID,LOOKUP_VALUE) 		
VALUES(601,1,312,'0401-Sharecropping');
INSERT INTO LOOKUP_VALUE_LOCALE(LOOKUP_VALUE_ID,LOCALE_ID,LOOKUP_ID,LOOKUP_VALUE) 		
VALUES(603,1,313,'0402-Tree Leasing');
INSERT INTO LOOKUP_VALUE_LOCALE(LOOKUP_VALUE_ID,LOCALE_ID,LOOKUP_ID,LOOKUP_VALUE) 		
VALUES(605,1,314,'0403-Land Releasing');
INSERT INTO LOOKUP_VALUE_LOCALE(LOOKUP_VALUE_ID,LOCALE_ID,LOOKUP_ID,LOOKUP_VALUE) 		
VALUES(607,1,315,'0404-Land Leasing');
INSERT INTO LOOKUP_VALUE_LOCALE(LOOKUP_VALUE_ID,LOCALE_ID,LOOKUP_ID,LOOKUP_VALUE) 		
VALUES(609,1,316,'0405-Food Grain Trading');
INSERT INTO LOOKUP_VALUE_LOCALE(LOOKUP_VALUE_ID,LOCALE_ID,LOOKUP_ID,LOOKUP_VALUE) 		
VALUES(611,1,317,'0406-Motor Purchasing');

/*******************/
INSERT INTO LOOKUP_VALUE_LOCALE(LOOKUP_VALUE_ID,LOCALE_ID,LOOKUP_ID,LOOKUP_VALUE) 		
VALUES(613,1,318,'0500-Emergency');
INSERT INTO LOOKUP_VALUE_LOCALE(LOOKUP_VALUE_ID,LOCALE_ID,LOOKUP_ID,LOOKUP_VALUE) 		
VALUES(615,1,319,'0501-Consumption');
INSERT INTO LOOKUP_VALUE_LOCALE(LOOKUP_VALUE_ID,LOCALE_ID,LOOKUP_ID,LOOKUP_VALUE) 		
VALUES(617,1,320,'0600-Traditional Works');
INSERT INTO LOOKUP_VALUE_LOCALE(LOOKUP_VALUE_ID,LOCALE_ID,LOOKUP_ID,LOOKUP_VALUE) 		
VALUES(619,1,321,'0601-Carpentry');
INSERT INTO LOOKUP_VALUE_LOCALE(LOOKUP_VALUE_ID,LOCALE_ID,LOOKUP_ID,LOOKUP_VALUE) 		
VALUES(621,1,322,'0602-Stone Cutting');
INSERT INTO LOOKUP_VALUE_LOCALE(LOOKUP_VALUE_ID,LOCALE_ID,LOOKUP_ID,LOOKUP_VALUE) 		
VALUES(623,1,323,'0603-Poultry');
INSERT INTO LOOKUP_VALUE_LOCALE(LOOKUP_VALUE_ID,LOCALE_ID,LOOKUP_ID,LOOKUP_VALUE) 		
VALUES(625,1,324,'0604-Cloth Weaving');
INSERT INTO LOOKUP_VALUE_LOCALE(LOOKUP_VALUE_ID,LOCALE_ID,LOOKUP_ID,LOOKUP_VALUE) 		
VALUES(627,1,325,'0605-Leather Selling');
INSERT INTO LOOKUP_VALUE_LOCALE(LOOKUP_VALUE_ID,LOCALE_ID,LOOKUP_ID,LOOKUP_VALUE) 		
VALUES(629,1,326,'0606-Barber Shop');
INSERT INTO LOOKUP_VALUE_LOCALE(LOOKUP_VALUE_ID,LOCALE_ID,LOOKUP_ID,LOOKUP_VALUE) 		
VALUES(631,1,327,'0607-BlanketWeaving');
INSERT INTO LOOKUP_VALUE_LOCALE(LOOKUP_VALUE_ID,LOCALE_ID,LOOKUP_ID,LOOKUP_VALUE) 		
VALUES(633,1,328,'0608-Watch Shop');
INSERT INTO LOOKUP_VALUE_LOCALE(LOOKUP_VALUE_ID,LOCALE_ID,LOOKUP_ID,LOOKUP_VALUE) 		
VALUES(635,1,329,'0609-Blacksmith');
INSERT INTO LOOKUP_VALUE_LOCALE(LOOKUP_VALUE_ID,LOCALE_ID,LOOKUP_ID,LOOKUP_VALUE) 		
VALUES(637,1,330,'0610-Iron Business');
INSERT INTO LOOKUP_VALUE_LOCALE(LOOKUP_VALUE_ID,LOCALE_ID,LOOKUP_ID,LOOKUP_VALUE) 		
VALUES(639,1,331,'0611-Sound System');
INSERT INTO LOOKUP_VALUE_LOCALE(LOOKUP_VALUE_ID,LOCALE_ID,LOOKUP_ID,LOOKUP_VALUE) 		
VALUES(641,1,332,'0612-Pot Business');
INSERT INTO LOOKUP_VALUE_LOCALE(LOOKUP_VALUE_ID,LOCALE_ID,LOOKUP_ID,LOOKUP_VALUE) 		
VALUES(643,1,333,'0613-Cooking Contract');
INSERT INTO LOOKUP_VALUE_LOCALE(LOOKUP_VALUE_ID,LOCALE_ID,LOOKUP_ID,LOOKUP_VALUE) 		
VALUES(645,1,334,'0614-Dhobi Business');
INSERT INTO LOOKUP_VALUE_LOCALE(LOOKUP_VALUE_ID,LOCALE_ID,LOOKUP_ID,LOOKUP_VALUE) 		
VALUES(647,1,335,'0615-Stone Business');
INSERT INTO LOOKUP_VALUE_LOCALE(LOOKUP_VALUE_ID,LOCALE_ID,LOOKUP_ID,LOOKUP_VALUE) 		
VALUES(649,1,336,'0616-Beauty Parlour');
INSERT INTO LOOKUP_VALUE_LOCALE(LOOKUP_VALUE_ID,LOCALE_ID,LOOKUP_ID,LOOKUP_VALUE) 		
VALUES(651,1,337,'0700-Marriage');
INSERT INTO LOOKUP_VALUE_LOCALE(LOOKUP_VALUE_ID,LOCALE_ID,LOOKUP_ID,LOOKUP_VALUE) 		
VALUES(653,1,338,'0999-Charakha Machnies');
INSERT INTO LOOKUP_VALUE_LOCALE(LOOKUP_VALUE_ID,LOCALE_ID,LOOKUP_ID,LOOKUP_VALUE) 		
VALUES(655,1,339,'1000-Generator');
INSERT INTO LOOKUP_VALUE_LOCALE(LOOKUP_VALUE_ID,LOCALE_ID,LOOKUP_ID,LOOKUP_VALUE) 		
VALUES(657,1,340,'1001-Band Baha');
INSERT INTO LOOKUP_VALUE_LOCALE(LOOKUP_VALUE_ID,LOCALE_ID,LOOKUP_ID,LOOKUP_VALUE) 		
VALUES(659,1,341,'1002-Tent House');
INSERT INTO LOOKUP_VALUE_LOCALE(LOOKUP_VALUE_ID,LOCALE_ID,LOOKUP_ID,LOOKUP_VALUE) 		
VALUES(661,1,342,'1003-Toilet Constructions');
INSERT INTO LOOKUP_VALUE_LOCALE(LOOKUP_VALUE_ID,LOCALE_ID,LOOKUP_ID,LOOKUP_VALUE) 		
VALUES(663,1,343,'1004-House Constructions');
INSERT INTO LOOKUP_VALUE_LOCALE(LOOKUP_VALUE_ID,LOCALE_ID,LOOKUP_ID,LOOKUP_VALUE) 		
VALUES(665,1,344,'1005-House Repairs');
INSERT INTO LOOKUP_VALUE_LOCALE(LOOKUP_VALUE_ID,LOCALE_ID,LOOKUP_ID,LOOKUP_VALUE) 		
VALUES(667,1,345,'1006-Education');
INSERT INTO LOOKUP_VALUE_LOCALE(LOOKUP_VALUE_ID,LOCALE_ID,LOOKUP_ID,LOOKUP_VALUE) 		
VALUES(669,1,346,'1007-Gold Purchase');
INSERT INTO LOOKUP_VALUE_LOCALE(LOOKUP_VALUE_ID,LOCALE_ID,LOOKUP_ID,LOOKUP_VALUE) 		
VALUES(671,1,347,'1008-Hospital');
INSERT INTO LOOKUP_VALUE_LOCALE(LOOKUP_VALUE_ID,LOCALE_ID,LOOKUP_ID,LOOKUP_VALUE) 		
VALUES(673,1,348,'1009-Ration');
INSERT INTO LOOKUP_VALUE_LOCALE(LOOKUP_VALUE_ID,LOCALE_ID,LOOKUP_ID,LOOKUP_VALUE) 		
VALUES(675,1,349,'1010-Education');
INSERT INTO LOOKUP_VALUE_LOCALE(LOOKUP_VALUE_ID,LOCALE_ID,LOOKUP_ID,LOOKUP_VALUE) 		
VALUES(677,1,350,'1011-IG Activity');
INSERT INTO LOOKUP_VALUE_LOCALE(LOOKUP_VALUE_ID,LOCALE_ID,LOOKUP_ID,LOOKUP_VALUE) 		
VALUES(679,1,351,'1012-Agriculture');
INSERT INTO LOOKUP_VALUE_LOCALE(LOOKUP_VALUE_ID,LOCALE_ID,LOOKUP_ID,LOOKUP_VALUE) 		
VALUES(681,1,352,'1013-Assets Creations');
INSERT INTO LOOKUP_VALUE_LOCALE(LOOKUP_VALUE_ID,LOCALE_ID,LOOKUP_ID,LOOKUP_VALUE) 		
VALUES(683,1,353,'1014-Festivals');
INSERT INTO LOOKUP_VALUE_LOCALE(LOOKUP_VALUE_ID,LOCALE_ID,LOOKUP_ID,LOOKUP_VALUE) 		
VALUES(685,1,354,'1015-Loan Repayment');
INSERT INTO LOOKUP_VALUE_LOCALE(LOOKUP_VALUE_ID,LOCALE_ID,LOOKUP_ID,LOOKUP_VALUE) 		
VALUES(687,1,355,'1016-Current Bill');
INSERT INTO LOOKUP_VALUE_LOCALE(LOOKUP_VALUE_ID,LOCALE_ID,LOOKUP_ID,LOOKUP_VALUE) 		
VALUES(689,1,356,'1017-Rent');
INSERT INTO LOOKUP_VALUE_LOCALE(LOOKUP_VALUE_ID,LOCALE_ID,LOOKUP_ID,LOOKUP_VALUE) 		
VALUES(691,1,357,'1018-Tour');
INSERT INTO LOOKUP_VALUE_LOCALE(LOOKUP_VALUE_ID,LOCALE_ID,LOOKUP_ID,LOOKUP_VALUE) 		
VALUES(693,1,358,'1019-Fer Business');
INSERT INTO LOOKUP_VALUE_LOCALE(LOOKUP_VALUE_ID,LOCALE_ID,LOOKUP_ID,LOOKUP_VALUE) 		
VALUES(695,1,359,'1019-Fer Business');
INSERT INTO LOOKUP_VALUE_LOCALE(LOOKUP_VALUE_ID,LOCALE_ID,LOOKUP_ID,LOOKUP_VALUE) 		
VALUES(697,1,360,'1020-Sesional Business');
INSERT INTO LOOKUP_VALUE_LOCALE 
VALUES(699,1,361,'Misc Penalty');
INSERT INTO LOOKUP_VALUE_LOCALE 
VALUES(700,1,362,'Customer Account Repayment');
INSERT INTO LOOKUP_VALUE_LOCALE 
VALUES(701,1,363,'Customer Account Fees Posting');
INSERT INTO LOOKUP_VALUE_LOCALE VALUES(702,1,364,'Customer Adjustment');
INSERT INTO LOOKUP_VALUE_LOCALE VALUES(703,1,365,'Customer Adjustment');
INSERT INTO LOOKUP_VALUE_LOCALE VALUES(704,1,366,'Savings Adjustment');
INSERT INTO LOOKUP_VALUE_LOCALE VALUES(705,1,367,'Mandatory Deposit Adjustment');
INSERT INTO LOOKUP_VALUE_LOCALE VALUES(706,1,368,'Voluntory Deposit Adjustment');
INSERT INTO LOOKUP_VALUE_LOCALE VALUES(707,1,369,'Mandatory Withdrawal Adjustment');
INSERT INTO LOOKUP_VALUE_LOCALE VALUES(708,1,370,'Voluntory Withdrawal Adjustment');
/*Activity types locale specific values*/

	INSERT INTO LOOKUP_VALUE_LOCALE VALUES(709,1,371,'Organization Management');
	INSERT INTO LOOKUP_VALUE_LOCALE VALUES(710,1,372,'Funds');
	INSERT INTO LOOKUP_VALUE_LOCALE VALUES(711,1,373,'Can create funds');
	INSERT INTO LOOKUP_VALUE_LOCALE VALUES(712,1,374,'Can modify funds');
	INSERT INTO LOOKUP_VALUE_LOCALE VALUES(713,1,375,'Fees');
	INSERT INTO LOOKUP_VALUE_LOCALE VALUES(714,1,376,'Can define new fee type');
	INSERT INTO LOOKUP_VALUE_LOCALE VALUES(715,1,377,'Can modify fee information');
	INSERT INTO LOOKUP_VALUE_LOCALE VALUES(716,1,378,'Checklists');
	INSERT INTO LOOKUP_VALUE_LOCALE VALUES(717,1,379,'Can define new checklist type');
	INSERT INTO LOOKUP_VALUE_LOCALE VALUES(718,1,380,'Can modify checklist information');
	INSERT INTO LOOKUP_VALUE_LOCALE VALUES(719,1,381,'Office management');
	INSERT INTO LOOKUP_VALUE_LOCALE VALUES(720,1,382,'Offices');
	INSERT INTO LOOKUP_VALUE_LOCALE VALUES(721,1,383,'Can create new office');
	INSERT INTO LOOKUP_VALUE_LOCALE VALUES(722,1,384,'Can modify office information');
	INSERT INTO LOOKUP_VALUE_LOCALE VALUES(723,1,385,'User management');
	INSERT INTO LOOKUP_VALUE_LOCALE VALUES(724,1,386,'Personnel');
	INSERT INTO LOOKUP_VALUE_LOCALE VALUES(725,1,387,'Can create new system users');
	INSERT INTO LOOKUP_VALUE_LOCALE VALUES(726,1,388,'Can modify user information');
	INSERT INTO LOOKUP_VALUE_LOCALE VALUES(727,1,389,'Can unlock a user');
	INSERT INTO LOOKUP_VALUE_LOCALE VALUES(728,1,390,'Roles');
	INSERT INTO LOOKUP_VALUE_LOCALE VALUES(729,1,391,'Can create new role');
	INSERT INTO LOOKUP_VALUE_LOCALE VALUES(730,1,392,'Can modify a role');
	INSERT INTO LOOKUP_VALUE_LOCALE VALUES(731,1,393,'Can delete a role');
	INSERT INTO LOOKUP_VALUE_LOCALE VALUES(732,1,394,'Client management');
	INSERT INTO LOOKUP_VALUE_LOCALE VALUES(733,1,395,'Clients');
	INSERT INTO LOOKUP_VALUE_LOCALE VALUES(734,1,396,'Can create new Client in save for later state');
	INSERT INTO LOOKUP_VALUE_LOCALE VALUES(735,1,397,'Can create new Client in submit for approval state');
	INSERT INTO LOOKUP_VALUE_LOCALE VALUES(736,1,398,'Can change state to partial application');
	INSERT INTO LOOKUP_VALUE_LOCALE VALUES(737,1,399,'Can change state to active');
	INSERT INTO LOOKUP_VALUE_LOCALE VALUES(738,1,400,'Can change state to Cancelled');
	INSERT INTO LOOKUP_VALUE_LOCALE VALUES(739,1,401,'Can change state to On Hold');
	/***/
	INSERT INTO LOOKUP_VALUE_LOCALE VALUES(740,1,402,'Can change state to Closed');
	INSERT INTO LOOKUP_VALUE_LOCALE VALUES(741,1,403,'Can change state to application pending approval');
	INSERT INTO LOOKUP_VALUE_LOCALE VALUES(742,1,404,'Can make payments to Client accounts');
	INSERT INTO LOOKUP_VALUE_LOCALE VALUES(743,1,405,'Can make adjustment entries to Client account');
	INSERT INTO LOOKUP_VALUE_LOCALE VALUES(745,1,407,'Can waive a due amount');
	INSERT INTO LOOKUP_VALUE_LOCALE VALUES(746,1,408,'Can remove fee types from Client account');
	INSERT INTO LOOKUP_VALUE_LOCALE VALUES(747,1,409,'Can add notes to Client');
	INSERT INTO LOOKUP_VALUE_LOCALE VALUES(748,1,410,'Can edit MFI information');
	INSERT INTO LOOKUP_VALUE_LOCALE VALUES(749,1,411,'Can edit group membership');
	INSERT INTO LOOKUP_VALUE_LOCALE VALUES(750,1,412,'Can edit office membership');
	INSERT INTO LOOKUP_VALUE_LOCALE VALUES(751,1,413,'Can edit meeting schedule');
	INSERT INTO LOOKUP_VALUE_LOCALE VALUES(752,1,414,'Can add/edit historical data');
	INSERT INTO LOOKUP_VALUE_LOCALE VALUES(753,1,415,'Can edit fee amount attached to the account');
	INSERT INTO LOOKUP_VALUE_LOCALE VALUES(754,1,416,'Can Blacklist a Client');
	INSERT INTO LOOKUP_VALUE_LOCALE VALUES(755,1,417,'Groups');
	INSERT INTO LOOKUP_VALUE_LOCALE VALUES(756,1,418,'Can create new group in save for later state');
	INSERT INTO LOOKUP_VALUE_LOCALE VALUES(757,1,419,'Can create new group in submit for approval state');
	INSERT INTO LOOKUP_VALUE_LOCALE VALUES(758,1,420,'Can change state to partial application');
	INSERT INTO LOOKUP_VALUE_LOCALE VALUES(759,1,421,'Can change state to active');
	INSERT INTO LOOKUP_VALUE_LOCALE VALUES(760,1,422,'Can change state to Cancelled');
	INSERT INTO LOOKUP_VALUE_LOCALE VALUES(761,1,423,'Can change state to On Hold');
	INSERT INTO LOOKUP_VALUE_LOCALE VALUES(762,1,424,'Can change state to Closed');
	INSERT INTO LOOKUP_VALUE_LOCALE VALUES(763,1,425,'Can change state to application pending approval');
	INSERT INTO LOOKUP_VALUE_LOCALE VALUES(764,1,426,'Can make payments to group accounts');
	INSERT INTO LOOKUP_VALUE_LOCALE VALUES(765,1,427,'Can make adjustment entries to group account');
	INSERT INTO LOOKUP_VALUE_LOCALE VALUES(767,1,429,'Can waive a due amount');
	INSERT INTO LOOKUP_VALUE_LOCALE VALUES(768,1,430,'Can remove fee types from group account');
	INSERT INTO LOOKUP_VALUE_LOCALE VALUES(769,1,431,'Can add notes to group');
	INSERT INTO LOOKUP_VALUE_LOCALE VALUES(770,1,432,'Can edit Group information');
	INSERT INTO LOOKUP_VALUE_LOCALE VALUES(771,1,433,'Can edit Center Clientship');
	INSERT INTO LOOKUP_VALUE_LOCALE VALUES(772,1,434,'Can edit office membership');
	INSERT INTO LOOKUP_VALUE_LOCALE VALUES(773,1,435,'Can edit meeting schedule');
	INSERT INTO LOOKUP_VALUE_LOCALE VALUES(774,1,436,'Can add/edit historical data');
	INSERT INTO LOOKUP_VALUE_LOCALE VALUES(775,1,437,'Can edit fee amount attached to the account');
	INSERT INTO LOOKUP_VALUE_LOCALE VALUES(776,1,438,'Can Blacklist a group');
	INSERT INTO LOOKUP_VALUE_LOCALE VALUES(777,1,439,'Centers');
	INSERT INTO LOOKUP_VALUE_LOCALE VALUES(778,1,440,'Can create new Center ');
	INSERT INTO LOOKUP_VALUE_LOCALE VALUES(779,1,441,'Can modify Center information ');
	INSERT INTO LOOKUP_VALUE_LOCALE VALUES(780,1,442,'Can edit Center status');
	INSERT INTO LOOKUP_VALUE_LOCALE VALUES(781,1,443,'Can make payments to Center accounts');
	INSERT INTO LOOKUP_VALUE_LOCALE VALUES(782,1,444,'Can make adjustment entries to Center account');
	INSERT INTO LOOKUP_VALUE_LOCALE VALUES(784,1,446,'Can waive a due amount');
	INSERT INTO LOOKUP_VALUE_LOCALE VALUES(785,1,447,'Can remove fee types from Center account');
	INSERT INTO LOOKUP_VALUE_LOCALE VALUES(786,1,448,'Can add notes to Center records');
	INSERT INTO LOOKUP_VALUE_LOCALE VALUES(787,1,449,'Can edit fee amount attached to the account');
	INSERT INTO LOOKUP_VALUE_LOCALE VALUES(788,1,450,'Product definition');
	INSERT INTO LOOKUP_VALUE_LOCALE VALUES(789,1,451,'Product Categories');
	INSERT INTO LOOKUP_VALUE_LOCALE VALUES(790,1,452,'Can define new product categories');
	INSERT INTO LOOKUP_VALUE_LOCALE VALUES(791,1,453,'Can edit product category information');
	INSERT INTO LOOKUP_VALUE_LOCALE VALUES(792,1,454,'Loan Products');
	INSERT INTO LOOKUP_VALUE_LOCALE VALUES(793,1,455,'Can define new loan product instance');
	INSERT INTO LOOKUP_VALUE_LOCALE VALUES(794,1,456,'Can edit loan product instances');
	INSERT INTO LOOKUP_VALUE_LOCALE VALUES(795,1,457,'Savings Products');
	INSERT INTO LOOKUP_VALUE_LOCALE VALUES(796,1,458,'Can define new Savings product instance');
	INSERT INTO LOOKUP_VALUE_LOCALE VALUES(797,1,459,'Can edit Savings product instances');
	INSERT INTO LOOKUP_VALUE_LOCALE VALUES(798,1,460,'Loan management');
	INSERT INTO LOOKUP_VALUE_LOCALE VALUES(799,1,461,'Loan Processing');
	INSERT INTO LOOKUP_VALUE_LOCALE VALUES(800,1,462,'Can create new loan account in Save for later state');
	INSERT INTO LOOKUP_VALUE_LOCALE VALUES(801,1,463,'Can create new loan account in Submit for approval state');
	INSERT INTO LOOKUP_VALUE_LOCALE VALUES(802,1,464,'Can change state to partial application');
	INSERT INTO LOOKUP_VALUE_LOCALE VALUES(803,1,465,'Can change state to Approved');
	INSERT INTO LOOKUP_VALUE_LOCALE VALUES(804,1,466,'Can change state to Cancelled');
	INSERT INTO LOOKUP_VALUE_LOCALE VALUES(805,1,467,'Can change state to Disbursed to LO');
	INSERT INTO LOOKUP_VALUE_LOCALE VALUES(807,1,469,'Can change state to pending approval');
	INSERT INTO LOOKUP_VALUE_LOCALE VALUES(808,1,470,'Can change state to Closed- Written off');
	INSERT INTO LOOKUP_VALUE_LOCALE VALUES(809,1,471,'Can change state to Closed-rescheduled');
	INSERT INTO LOOKUP_VALUE_LOCALE VALUES(812,1,474,'Loan Transactions');
	INSERT INTO LOOKUP_VALUE_LOCALE VALUES(813,1,475,'Can make payment to the account');
	INSERT INTO LOOKUP_VALUE_LOCALE VALUES(814,1,476,'Can make adjustment entry to the account');
	INSERT INTO LOOKUP_VALUE_LOCALE VALUES(816,1,478,'Can waive penalty');
	INSERT INTO LOOKUP_VALUE_LOCALE VALUES(817,1,479,'Can waive a fee installment');
	INSERT INTO LOOKUP_VALUE_LOCALE VALUES(818,1,480,'Can remove fee types attached to the account');
	INSERT INTO LOOKUP_VALUE_LOCALE VALUES(819,1,481,'Can specify meeting schedule');

	INSERT INTO LOOKUP_VALUE_LOCALE VALUES(820,1,482,'Can specify meeting schedule');
	INSERT INTO LOOKUP_VALUE_LOCALE VALUES(821,1,483,'Can edit personal information');
	INSERT INTO LOOKUP_VALUE_LOCALE VALUES(822,1,484,'Can edit meeting schedule ');
	INSERT INTO LOOKUP_VALUE_LOCALE VALUES(823,1,485,'Can specify meeting schedule');
	INSERT INTO LOOKUP_VALUE_LOCALE VALUES(824,1,486,'Can edit Loan account information');
	INSERT INTO LOOKUP_VALUE_LOCALE VALUES(825,1,487,'Can apply charges to loans ');
	INSERT INTO LOOKUP_VALUE_LOCALE VALUES(826,1,488,'Can edit self information');
	INSERT INTO LOOKUP_VALUE_LOCALE VALUES(827,1,489,'Savings Management');
	INSERT INTO LOOKUP_VALUE_LOCALE VALUES(828,1,490,'Can create new Savings account in Save for later state');
	INSERT INTO LOOKUP_VALUE_LOCALE VALUES(829,1,491,'Can update Savings account');

	INSERT INTO LOOKUP_VALUE_LOCALE VALUES(830,1,492,'Can close Savings account');
	INSERT INTO LOOKUP_VALUE_LOCALE VALUES(831,1,493,'Can change state to partial application');
	INSERT INTO LOOKUP_VALUE_LOCALE VALUES(832,1,494,'Reports Management');
	INSERT INTO LOOKUP_VALUE_LOCALE VALUES(833,1,495,'Can Administer Reports');
	INSERT INTO LOOKUP_VALUE_LOCALE VALUES(834,1,496,'Can Preview Reports');
	INSERT INTO LOOKUP_VALUE_LOCALE VALUES(835,1,497,'Can upload new reports');
	INSERT INTO LOOKUP_VALUE_LOCALE VALUES(836,1,498,'Client Detail');
	INSERT INTO LOOKUP_VALUE_LOCALE VALUES(837,1,499,'Center');
	INSERT INTO LOOKUP_VALUE_LOCALE VALUES(838,1,500,'Status');
	INSERT INTO LOOKUP_VALUE_LOCALE VALUES(839,1,501,'Performance');

	INSERT INTO LOOKUP_VALUE_LOCALE VALUES(840,1,502,'Loan Product Detail');
	INSERT INTO LOOKUP_VALUE_LOCALE VALUES(841,1,503,'Analysis');
	INSERT INTO LOOKUP_VALUE_LOCALE VALUES(842,1,504,'Miscellaneous');
	INSERT INTO LOOKUP_VALUE_LOCALE VALUES(843,1,505,'Can view Client Summary.& History Report');
	INSERT INTO LOOKUP_VALUE_LOCALE VALUES(844,1,506,'Can view Client Product Wise History Report');
	INSERT INTO LOOKUP_VALUE_LOCALE VALUES(845,1,507,'Can view Client Settlement info Report');
	INSERT INTO LOOKUP_VALUE_LOCALE VALUES(846,1,508,'Can view Client Loan repayment schedule');
	INSERT INTO LOOKUP_VALUE_LOCALE VALUES(847,1,509,'Can view Client Fees, Charges and Penalties report');
	INSERT INTO LOOKUP_VALUE_LOCALE VALUES(848,1,510,'Can view Client pending approval report');
	INSERT INTO LOOKUP_VALUE_LOCALE VALUES(849,1,511,'Can view Clients without Savings Account');

	INSERT INTO LOOKUP_VALUE_LOCALE VALUES(850,1,512,'Can view Collection sheet');
	INSERT INTO LOOKUP_VALUE_LOCALE VALUES(851,1,513,'Can view Daily Cash Confirmation Report - Staff Wise');
	INSERT INTO LOOKUP_VALUE_LOCALE VALUES(852,1,514,'Can view Daily Cash Flow Report - Branch');
	INSERT INTO LOOKUP_VALUE_LOCALE VALUES(853,1,515,'Can view Fund Requirement Report');
	INSERT INTO LOOKUP_VALUE_LOCALE VALUES(854,1,516,'Can view Daily Transaction Summary report');
	INSERT INTO LOOKUP_VALUE_LOCALE VALUES(855,1,517,'Can view Branch Performance Status Report');
	INSERT INTO LOOKUP_VALUE_LOCALE VALUES(856,1,518,'Can view Area Performance Status Report');
	INSERT INTO LOOKUP_VALUE_LOCALE VALUES(857,1,519,'Can view Division Performance Status Report');
	INSERT INTO LOOKUP_VALUE_LOCALE VALUES(858,1,520,'Can view Region Performance Status Report');
	INSERT INTO LOOKUP_VALUE_LOCALE VALUES(859,1,521,'Can view Grameen Koota Performance Status Report');


	INSERT INTO LOOKUP_VALUE_LOCALE VALUES(860,1,522,'Can view Staff Performance Report');
	INSERT INTO LOOKUP_VALUE_LOCALE VALUES(861,1,523,'Can view Outreach Report');
	INSERT INTO LOOKUP_VALUE_LOCALE VALUES(862,1,524,'Can view Center Summary Report');
	INSERT INTO LOOKUP_VALUE_LOCALE VALUES(863,1,525,'Can view Loan Product Distribution - Activity Wise, Size Wize, Product Wise, Sequency Wise');
	INSERT INTO LOOKUP_VALUE_LOCALE VALUES(864,1,526,'Can view Branch Due disbursement Report');
	INSERT INTO LOOKUP_VALUE_LOCALE VALUES(865,1,527,'Can view Loans pending approval report');
	INSERT INTO LOOKUP_VALUE_LOCALE VALUES(866,1,528,'Can view Loan Accounts reports');
	INSERT INTO LOOKUP_VALUE_LOCALE VALUES(867,1,529,'Can view Daily Portfolio quality data report - Aging analysis');
	INSERT INTO LOOKUP_VALUE_LOCALE VALUES(868,1,530,'Can view Center Meeting Schedule');
	INSERT INTO LOOKUP_VALUE_LOCALE VALUES(869,1,531,'Can repay loan');

	INSERT INTO LOOKUP_VALUE_LOCALE VALUES(870,1,532,'Can add notes to loan account');
	INSERT INTO LOOKUP_VALUE_LOCALE VALUES(871,1,533,'Can change state to pending approval');
	INSERT INTO LOOKUP_VALUE_LOCALE VALUES(872,1,534,'Can change state to cancel');
	INSERT INTO LOOKUP_VALUE_LOCALE VALUES(873,1,535,'Can change state to active');
	INSERT INTO LOOKUP_VALUE_LOCALE VALUES(874,1,536,'Can change state to inactive');
	INSERT INTO LOOKUP_VALUE_LOCALE VALUES(875,1,537,'Can blacklist Savings account');
	INSERT INTO LOOKUP_VALUE_LOCALE VALUES(876,1,538,'Can create new Savings account in submit for approval state');
	INSERT INTO LOOKUP_VALUE_LOCALE VALUES(877,1,539,'Not implemented');
	INSERT INTO LOOKUP_VALUE_LOCALE VALUES(878,1,540,'Area Manager');
	INSERT INTO LOOKUP_VALUE_LOCALE VALUES(879,1,541,'Divisional Manager');
	INSERT INTO LOOKUP_VALUE_LOCALE VALUES(880,1,542,'Regional Manager');
	INSERT INTO LOOKUP_VALUE_LOCALE VALUES(881,1,543,'COO');
	INSERT INTO LOOKUP_VALUE_LOCALE VALUES(882,1,544,'MIS Team');
	INSERT INTO LOOKUP_VALUE_LOCALE VALUES(883,1,545,'IT Team');
	INSERT INTO LOOKUP_VALUE_LOCALE VALUES(884,1,546,'Can do adjustments for savings account');
	INSERT INTO LOOKUP_VALUE_LOCALE VALUES(885,1,547,'Loan Written Off');
	INSERT INTO LOOKUP_VALUE_LOCALE VALUES(886,1,548,'Waive Off Due');
	INSERT INTO LOOKUP_VALUE_LOCALE VALUES(887,1,549,'Waive Off Over Due');
	INSERT INTO LOOKUP_VALUE_LOCALE VALUES(888,1,550,'Loan Written Off');
	INSERT INTO LOOKUP_VALUE_LOCALE VALUES(889,1,551,'Can waive due deposits for Savings account');
	INSERT INTO LOOKUP_VALUE_LOCALE VALUES(890,1,552,'Can waive over due deposits for Savings account');
	INSERT INTO LOOKUP_VALUE_LOCALE VALUES(891,1,553,'Can disburse loan');
	INSERT INTO LOOKUP_VALUE_LOCALE VALUES(892,1,554,'Can make deposit/withdrawal to savings account');
	INSERT INTO LOOKUP_VALUE_LOCALE VALUES(893,1,555,'Can add notes to Savings account');
	INSERT INTO LOOKUP_VALUE_LOCALE VALUES(894,1,556,'Applies to existing & future accounts');
	INSERT INTO LOOKUP_VALUE_LOCALE VALUES(895,1,557,'Applies to future accounts');
	INSERT INTO LOOKUP_VALUE_LOCALE VALUES(896,1,558,'Periodic');
	INSERT INTO LOOKUP_VALUE_LOCALE VALUES(897,1,559,'One Time');
	INSERT INTO LOOKUP_VALUE_LOCALE VALUES(898,1,560,'Can approve loans in bulk ');
INSERT INTO LOOKUP_VALUE_LOCALE VALUES(899,1,561,'Can modify lateness/dormancy definition');
INSERT INTO LOOKUP_VALUE_LOCALE VALUES(900,1,562,'Can modify office hierarchy');
INSERT INTO LOOKUP_VALUE_LOCALE VALUES(901,1,563,'Can Add Notes to Personnel');
INSERT INTO LOOKUP_VALUE_LOCALE VALUES(902,1,564,'Bulk');
INSERT INTO LOOKUP_VALUE_LOCALE VALUES(903,1,565,'Can Enter Collection Sheet Data');
INSERT INTO LOOKUP_VALUE_LOCALE VALUES(904,1,566,'Can apply charges to Client accounts');
INSERT INTO LOOKUP_VALUE_LOCALE VALUES(905,1,567,'Can apply charges to group accounts');
INSERT INTO LOOKUP_VALUE_LOCALE VALUES(906,1,568,'Can apply charges to Center accounts');
INSERT INTO LOOKUP_VALUE_LOCALE VALUES(912,1,179,'Voucher');
INSERT INTO LOOKUP_VALUE_LOCALE VALUES(913,1,180,'Cheque');
INSERT INTO LOOKUP_VALUE_LOCALE VALUES(914,1,569,'Can create multiple Loan accounts');

/*Category Types*/
/*The table CATEGORY_TYPE is Used for defining applicablity of the fees--System */
INSERT INTO CATEGORY_TYPE(CATEGORY_ID,CATEGORY_LOOKUP_ID)
VALUES(1,81);
INSERT INTO CATEGORY_TYPE(CATEGORY_ID,CATEGORY_LOOKUP_ID)
VALUES(2,82);
INSERT INTO CATEGORY_TYPE(CATEGORY_ID,CATEGORY_LOOKUP_ID)
VALUES(3,83);
INSERT INTO CATEGORY_TYPE(CATEGORY_ID,CATEGORY_LOOKUP_ID)
VALUES(4,84);
INSERT INTO CATEGORY_TYPE(CATEGORY_ID,CATEGORY_LOOKUP_ID)
VALUES(5,86);

/* The table PRD_TYPE will contain the configuration of lateness days, dormancy days associated to loan/saving product of the MFI - Configuration */
INSERT INTO PRD_TYPE(PRD_TYPE_ID,PRD_TYPE_LOOKUP_ID,LATENESS_DAYS,DORMANCY_DAYS,VERSION_NO)
VALUES(1,54,10,1,1);
INSERT INTO PRD_TYPE(PRD_TYPE_ID,PRD_TYPE_LOOKUP_ID,LATENESS_DAYS,DORMANCY_DAYS,VERSION_NO)
VALUES(2,55,12,30,1);

/* The Table PRD_CATEGORY contains the differnt product categories like loan , savings supported by the system - System */
INSERT INTO PRD_CATEGORY(PRD_CATEGORY_ID,PRD_TYPE_ID,GLOBAL_PRD_OFFERING_NUM,PRD_CATEGORY_NAME ,CREATED_DATE,CREATED_BY,OFFICE_ID,UPDATED_BY,UDPATED_DATE,STATE,DESCRIPTION,VERSION_NO)
VALUES(1,1,'1-1','Other',NULL,NULL,NULL,NULL,NULL,1,NULL,1);
INSERT INTO PRD_CATEGORY(PRD_CATEGORY_ID,PRD_TYPE_ID,GLOBAL_PRD_OFFERING_NUM,PRD_CATEGORY_NAME ,CREATED_DATE,CREATED_BY,OFFICE_ID,UPDATED_BY,UDPATED_DATE,STATE,DESCRIPTION,VERSION_NO)
VALUES(2,2,'1-2','Other',NULL,NULL,NULL,NULL,NULL,1,NULL,1);


INSERT INTO OFFICE_CODE(CODE_ID,LOOKUP_ID)
VALUES(1,111);
INSERT INTO OFFICE_CODE(CODE_ID,LOOKUP_ID)
VALUES(2,112);

/* The PRD_CATEGORY_STATUS table contains the different product category status supported by the product category like active,inactive etc - System */
INSERT INTO PRD_CATEGORY_STATUS(PRD_CATEGORY_STATUS_ID,LOOKUP_ID) 
VALUES(0,113);

-- At first glance, this appears to just be updating a row to what it already
-- is.  But what does it really do?  Something about auto-increments or
-- something?  It is needed to make MySQL load the file.
UPDATE PRD_CATEGORY_STATUS SET PRD_CATEGORY_STATUS_ID=0 WHERE LOOKUP_ID=113;

INSERT INTO PRD_CATEGORY_STATUS(PRD_CATEGORY_STATUS_ID,LOOKUP_ID)
VALUES(1,114);

/* The PRD_STATE table contains the different states supported for the product types like active,inactive etc - System */
INSERT INTO PRD_STATE(PRD_STATE_ID,PRD_STATE_LOOKUP_ID)
VALUES(1,115);
INSERT INTO PRD_STATE(PRD_STATE_ID,PRD_STATE_LOOKUP_ID)
VALUES(2,116);

/* The table Savings type contains information like Mandatory, Voluntary related to savings - System */
INSERT INTO SAVINGS_TYPE(SAVINGS_TYPE_ID ,LOOKUP_ID)
VALUES(1,118);
INSERT INTO SAVINGS_TYPE(SAVINGS_TYPE_ID ,LOOKUP_ID)
VALUES(2,119);

/* The table Recommended Amount which contains information used in group savings account holding values like complete group , per individual - System */
INSERT INTO RECOMMENDED_AMNT_UNIT(RECOMMENDED_AMNT_UNIT_ID,LOOKUP_ID)
VALUES(1,120); 
INSERT INTO RECOMMENDED_AMNT_UNIT(RECOMMENDED_AMNT_UNIT_ID,LOOKUP_ID)
VALUES(2,121);

/* The table Interest Calculation Types contains calculation types for savings like minimum balance , average balance - System */
INSERT INTO INTEREST_CALCULATION_TYPES(INTEREST_CALCULATION_TYPE_ID,INTEREST_CALCULATION_LOOKUP_ID,DESCRIPTION)
VALUES(1,122,NULL);
INSERT INTO INTEREST_CALCULATION_TYPES(INTEREST_CALCULATION_TYPE_ID,INTEREST_CALCULATION_LOOKUP_ID,DESCRIPTION)
VALUES(2,123,NULL); 

INSERT INTO YES_NO_MASTER(YES_NO_MASTER_ID,LOOKUP_ID )
VALUES(1,124); 
INSERT INTO YES_NO_MASTER(YES_NO_MASTER_ID,LOOKUP_ID )
VALUES(2,125); 

/* The table account type contains the account types supported by the system like Loan , savings, customer - System */
INSERT INTO ACCOUNT_TYPE(ACCOUNT_TYPE_ID,LOOKUP_ID,DESCRIPTION)
VALUES(1,126,'Loan Account');
INSERT INTO ACCOUNT_TYPE(ACCOUNT_TYPE_ID,LOOKUP_ID,DESCRIPTION)
VALUES(2,127,'Savings Account');
INSERT INTO ACCOUNT_TYPE(ACCOUNT_TYPE_ID,LOOKUP_ID,DESCRIPTION)
VALUES(3,140,'Customer Account');

/* The table SPOUSE_FATHER_LOOKUP contains the spouse father data which is used in display - System */ 
INSERT INTO SPOUSE_FATHER_LOOKUP(SPOUSE_FATHER_ID,LOOKUP_ID)
VALUES(1,128);
INSERT INTO SPOUSE_FATHER_LOOKUP(SPOUSE_FATHER_ID,LOOKUP_ID)
VALUES(2,129);

/* The table Fee Payment Type contains the applicability of fee like time of disburesement,time of first installment etc - System */
INSERT INTO FEE_PAYMENT(FEE_PAYMENT_ID,FEE_PAYMENT_LOOKUP_ID)
VALUES(1,146);
INSERT INTO FEE_PAYMENT(FEE_PAYMENT_ID,FEE_PAYMENT_LOOKUP_ID)
VALUES(2,147);
INSERT INTO FEE_PAYMENT(FEE_PAYMENT_ID,FEE_PAYMENT_LOOKUP_ID)
VALUES(3,148);

/* The table Fee Status contains the fee status supported by the system like active, inactive etc - System */
INSERT INTO FEE_STATUS(STATUS_ID,STATUS_LOOKUP_ID)
VALUES(1,165);
INSERT INTO FEE_STATUS(STATUS_ID,STATUS_LOOKUP_ID)
VALUES(2,166);

INSERT INTO FEE_PAYMENTS_CATEGORIES_TYPE(FEE_PAYMENTS_CATEGORY_TYPE_ID,FEE_PAYMENT_ID,CATEGORY_ID,FEE_TYPE_ID) 
VALUES(1,1,1,1);
INSERT INTO FEE_PAYMENTS_CATEGORIES_TYPE(FEE_PAYMENTS_CATEGORY_TYPE_ID,FEE_PAYMENT_ID,CATEGORY_ID,FEE_TYPE_ID) 
VALUES(2,1,1,1);
INSERT INTO FEE_PAYMENTS_CATEGORIES_TYPE(FEE_PAYMENTS_CATEGORY_TYPE_ID,FEE_PAYMENT_ID,CATEGORY_ID,FEE_TYPE_ID) 
VALUES(3,1,1,1);

/* The table Fee Formula master contains the formula for calculating fee amount like % of Interest, %of Principal etc - System */
INSERT INTO FEE_FORMULA_MASTER(FORMULAId,FORUMLA_LOOKUP_ID)
VALUES(1,149);
INSERT INTO FEE_FORMULA_MASTER(FORMULAId,FORUMLA_LOOKUP_ID)
VALUES(2,150);
INSERT INTO FEE_FORMULA_MASTER(FORMULAId,FORUMLA_LOOKUP_ID)
VALUES(3,151);


/* The table PERSONNEL_STATUS contains the different status that will be associated to a personnel like active, inactive etc. - System */ 
INSERT INTO PERSONNEL_STATUS(PERSONNEL_STATUS_ID,LOOKUP_ID)
VALUES(1,152);
INSERT INTO PERSONNEL_STATUS(PERSONNEL_STATUS_ID,LOOKUP_ID)
VALUES(2,153);

/* The table Customer Addendence Types will contain the different attendence types supported by the MFI like present,absent etc - Configuration */
INSERT INTO CUSTOMER_ATTENDANCE_TYPES 
VALUES(1,194,'Present');
INSERT INTO CUSTOMER_ATTENDANCE_TYPES 
VALUES(2,195,'Absent');
INSERT INTO CUSTOMER_ATTENDANCE_TYPES 
VALUES(3,196,'Approved leave');
INSERT INTO CUSTOMER_ATTENDANCE_TYPES 
VALUES(4,197,'Late');

/* The table Customer level will contain the different levels supported by the system like center,group etc - System */
/* Level for Centers */
INSERT INTO CUSTOMER_LEVEL(LEVEL_ID,PARENT_LEVEL_ID,LEVEL_NAME_ID,INTERACTION_FLAG,MAX_CHILD_COUNT,MAX_INSTANCE_COUNT)
VALUES(3,NULL,11,NULL,4,10);
/* Level for Groups */
INSERT INTO CUSTOMER_LEVEL(LEVEL_ID,PARENT_LEVEL_ID,LEVEL_NAME_ID,INTERACTION_FLAG,MAX_CHILD_COUNT,MAX_INSTANCE_COUNT)
VALUES(2,3,12,NULL,2,12);
/* Level for Clients */
INSERT INTO CUSTOMER_LEVEL(LEVEL_ID,PARENT_LEVEL_ID,LEVEL_NAME_ID,INTERACTION_FLAG,MAX_CHILD_COUNT,MAX_INSTANCE_COUNT)
VALUES(1,2,13,NULL,1,30);

/* The table Customer State contains the different states supported at each level of customer, like Center could have Partial, Pending state etc - System */
/* States for Customers */
INSERT INTO CUSTOMER_STATE(STATUS_ID,LEVEL_ID,STATUS_LOOKUP_ID,DESCRIPTION,CURRENTLY_IN_USE)
VALUES(1,1,1,'Customer Was Partial',1);
INSERT INTO CUSTOMER_STATE(STATUS_ID,LEVEL_ID,STATUS_LOOKUP_ID,DESCRIPTION,CURRENTLY_IN_USE)
VALUES(2,1,2,'Customer Was Pending',1);
INSERT INTO CUSTOMER_STATE(STATUS_ID,LEVEL_ID,STATUS_LOOKUP_ID,DESCRIPTION,CURRENTLY_IN_USE)
VALUES(3,1,3,'Customer Was Active',1);
INSERT INTO CUSTOMER_STATE(STATUS_ID,LEVEL_ID,STATUS_LOOKUP_ID,DESCRIPTION,CURRENTLY_IN_USE)
VALUES(4,1,4,'Customer Was Hold',1);
INSERT INTO CUSTOMER_STATE(STATUS_ID,LEVEL_ID,STATUS_LOOKUP_ID,DESCRIPTION,CURRENTLY_IN_USE)
VALUES(5,1,5,'Customer Was Cancel',1);
INSERT INTO CUSTOMER_STATE(STATUS_ID,LEVEL_ID,STATUS_LOOKUP_ID,DESCRIPTION,CURRENTLY_IN_USE)
VALUES(6,1,6,'Customer Was Close',1);
/* States for Groups */
INSERT INTO CUSTOMER_STATE(STATUS_ID,LEVEL_ID,STATUS_LOOKUP_ID,DESCRIPTION,CURRENTLY_IN_USE)
VALUES(7,2,7,'Customer Was Partial',1);
INSERT INTO CUSTOMER_STATE(STATUS_ID,LEVEL_ID,STATUS_LOOKUP_ID,DESCRIPTION,CURRENTLY_IN_USE)
VALUES(8,2,8,'Customer Was Pending',1);
INSERT INTO CUSTOMER_STATE(STATUS_ID,LEVEL_ID,STATUS_LOOKUP_ID,DESCRIPTION,CURRENTLY_IN_USE)
VALUES(9,2,9,'Customer Was Active',1);
INSERT INTO CUSTOMER_STATE(STATUS_ID,LEVEL_ID,STATUS_LOOKUP_ID,DESCRIPTION,CURRENTLY_IN_USE)
VALUES(10,2,10,'Customer Was Hold',1);
INSERT INTO CUSTOMER_STATE(STATUS_ID,LEVEL_ID,STATUS_LOOKUP_ID,DESCRIPTION,CURRENTLY_IN_USE)
VALUES(11,2,11,'Customer Was Cancel',1);
INSERT INTO CUSTOMER_STATE(STATUS_ID,LEVEL_ID,STATUS_LOOKUP_ID,DESCRIPTION,CURRENTLY_IN_USE)
VALUES(12,2,12,'Customer Was Close',1);
INSERT INTO CUSTOMER_STATE(STATUS_ID,LEVEL_ID,STATUS_LOOKUP_ID,DESCRIPTION,CURRENTLY_IN_USE)
/* States for Centers */
VALUES(13,3,13,'Customer Was Active',1);
INSERT INTO CUSTOMER_STATE(STATUS_ID,LEVEL_ID,STATUS_LOOKUP_ID,DESCRIPTION,CURRENTLY_IN_USE)
VALUES(14,3,14,'Customer Was Inactive',1);


/* The table Customer State Flag contains the different flags associated at the various customer states - System */
INSERT INTO CUSTOMER_STATE_FLAG(FLAG_ID,FLAG_LOOKUP_ID,STATUS_ID,FLAG_DESCRIPTION,ISBLACKLISTED)
VALUES(1,28,5,'Withdraw',0);
INSERT INTO CUSTOMER_STATE_FLAG(FLAG_ID,FLAG_LOOKUP_ID,STATUS_ID,FLAG_DESCRIPTION,ISBLACKLISTED)
VALUES(2,29,5,'Rejected',0);
INSERT INTO CUSTOMER_STATE_FLAG(FLAG_ID,FLAG_LOOKUP_ID,STATUS_ID,FLAG_DESCRIPTION,ISBLACKLISTED)
VALUES(3,30,5,'Blacklisted',1);
INSERT INTO CUSTOMER_STATE_FLAG(FLAG_ID,FLAG_LOOKUP_ID,STATUS_ID,FLAG_DESCRIPTION,ISBLACKLISTED)
VALUES(4,31,5,'Duplicate',0);
INSERT INTO CUSTOMER_STATE_FLAG(FLAG_ID,FLAG_LOOKUP_ID,STATUS_ID,FLAG_DESCRIPTION,ISBLACKLISTED)
VALUES(5,34,5,'Other',0);
INSERT INTO CUSTOMER_STATE_FLAG(FLAG_ID,FLAG_LOOKUP_ID,STATUS_ID,FLAG_DESCRIPTION,ISBLACKLISTED)
VALUES(6,32,6,'Transferred',0);
INSERT INTO CUSTOMER_STATE_FLAG(FLAG_ID,FLAG_LOOKUP_ID,STATUS_ID,FLAG_DESCRIPTION,ISBLACKLISTED)
VALUES(7,31,6,'Duplicate',0);
INSERT INTO CUSTOMER_STATE_FLAG(FLAG_ID,FLAG_LOOKUP_ID,STATUS_ID,FLAG_DESCRIPTION,ISBLACKLISTED)
VALUES(8,30,6,'Blacklisted',1);
INSERT INTO CUSTOMER_STATE_FLAG(FLAG_ID,FLAG_LOOKUP_ID,STATUS_ID,FLAG_DESCRIPTION,ISBLACKLISTED)
VALUES(9,33,6,'Left program',0);
INSERT INTO CUSTOMER_STATE_FLAG(FLAG_ID,FLAG_LOOKUP_ID,STATUS_ID,FLAG_DESCRIPTION,ISBLACKLISTED)
VALUES(10,34,6,'Other',0);
INSERT INTO CUSTOMER_STATE_FLAG(FLAG_ID,FLAG_LOOKUP_ID,STATUS_ID,FLAG_DESCRIPTION,ISBLACKLISTED)
VALUES(11,28,11,'Withdraw',0);
INSERT INTO CUSTOMER_STATE_FLAG(FLAG_ID,FLAG_LOOKUP_ID,STATUS_ID,FLAG_DESCRIPTION,ISBLACKLISTED)
VALUES(12,29,11,'Rejected',0);
INSERT INTO CUSTOMER_STATE_FLAG(FLAG_ID,FLAG_LOOKUP_ID,STATUS_ID,FLAG_DESCRIPTION,ISBLACKLISTED)
VALUES(13,30,11,'Blacklisted',1);
INSERT INTO CUSTOMER_STATE_FLAG(FLAG_ID,FLAG_LOOKUP_ID,STATUS_ID,FLAG_DESCRIPTION,ISBLACKLISTED)
VALUES(14,31,11,'Duplicate',0);
INSERT INTO CUSTOMER_STATE_FLAG(FLAG_ID,FLAG_LOOKUP_ID,STATUS_ID,FLAG_DESCRIPTION,ISBLACKLISTED)
VALUES(15,34,11,'Other',0);
INSERT INTO CUSTOMER_STATE_FLAG(FLAG_ID,FLAG_LOOKUP_ID,STATUS_ID,FLAG_DESCRIPTION,ISBLACKLISTED)
VALUES(16,32,12,'Transferred',0);
INSERT INTO CUSTOMER_STATE_FLAG(FLAG_ID,FLAG_LOOKUP_ID,STATUS_ID,FLAG_DESCRIPTION,ISBLACKLISTED)
VALUES(17,31,12,'Duplicate',0);
INSERT INTO CUSTOMER_STATE_FLAG(FLAG_ID,FLAG_LOOKUP_ID,STATUS_ID,FLAG_DESCRIPTION,ISBLACKLISTED)
VALUES(18,30,12,'Blacklisted',1);
INSERT INTO CUSTOMER_STATE_FLAG(FLAG_ID,FLAG_LOOKUP_ID,STATUS_ID,FLAG_DESCRIPTION,ISBLACKLISTED)
VALUES(19,33,12,'Left program',0);
INSERT INTO CUSTOMER_STATE_FLAG(FLAG_ID,FLAG_LOOKUP_ID,STATUS_ID,FLAG_DESCRIPTION,ISBLACKLISTED)
VALUES(20,34,12,'Other',0);



/* The table PRD_STATUS contains the different status that would be associated to a product like loan active, savings active etc - System */
INSERT INTO PRD_STATUS(OFFERING_STATUS_ID,PRD_STATE_ID,PRD_TYPE_ID,CURRENTLY_IN_USE,VERSION_NO)
VALUES(1,1,1,1,1);
INSERT INTO PRD_STATUS(OFFERING_STATUS_ID,PRD_STATE_ID,PRD_TYPE_ID,CURRENTLY_IN_USE,VERSION_NO)
VALUES(2,1,2,1,1);
INSERT INTO PRD_STATUS(OFFERING_STATUS_ID,PRD_STATE_ID,PRD_TYPE_ID,CURRENTLY_IN_USE,VERSION_NO)
VALUES(4,2,1,1,1);
INSERT INTO PRD_STATUS(OFFERING_STATUS_ID,PRD_STATE_ID,PRD_TYPE_ID,CURRENTLY_IN_USE,VERSION_NO)
VALUES(5,2,2,1,1);

/* The table PRD_APPLICABLE_MASTER indicates to which type a product is being associated like client, group , center etc - System */
INSERT INTO PRD_APPLICABLE_MASTER(PRD_APPLICABLE_MASTER_ID,LOOKUP_ID) 
VALUES(1,68);
INSERT INTO PRD_APPLICABLE_MASTER(PRD_APPLICABLE_MASTER_ID,LOOKUP_ID) 
VALUES(2,69);
INSERT INTO PRD_APPLICABLE_MASTER(PRD_APPLICABLE_MASTER_ID,LOOKUP_ID) 
VALUES(3,70);


/* The table Account State contains the different states supported at each type of account, like Loan could have Partial, Pending state etc - System */
INSERT INTO ACCOUNT_STATE(ACCOUNT_STATE_ID,LOOKUP_id,PRD_TYPE_ID,CURRENTLY_IN_USE,STATUS_DESCRIPTION)
VALUES(1,17,1,1,'Loan In Partial Application');
INSERT INTO ACCOUNT_STATE(ACCOUNT_STATE_ID,LOOKUP_id,PRD_TYPE_ID,CURRENTLY_IN_USE,STATUS_DESCRIPTION)
VALUES(2,18,1,1,'Loan In Application Pending Approval');
INSERT INTO ACCOUNT_STATE(ACCOUNT_STATE_ID,LOOKUP_id,PRD_TYPE_ID,CURRENTLY_IN_USE,STATUS_DESCRIPTION)
VALUES(3,19,1,1,'Loan In Application Approved');
INSERT INTO ACCOUNT_STATE(ACCOUNT_STATE_ID,LOOKUP_id,PRD_TYPE_ID,CURRENTLY_IN_USE,STATUS_DESCRIPTION)
VALUES(4,20,1,0,'Loan In Disbursed to LO');
INSERT INTO ACCOUNT_STATE(ACCOUNT_STATE_ID,LOOKUP_id,PRD_TYPE_ID,CURRENTLY_IN_USE,STATUS_DESCRIPTION)
VALUES(5,21,1,1,'Loan In Active Good standing');
INSERT INTO ACCOUNT_STATE(ACCOUNT_STATE_ID,LOOKUP_id,PRD_TYPE_ID,CURRENTLY_IN_USE,STATUS_DESCRIPTION)
VALUES(6,22,1,1,'Loan In Closed - Obligation met');
INSERT INTO ACCOUNT_STATE(ACCOUNT_STATE_ID,LOOKUP_id,PRD_TYPE_ID,CURRENTLY_IN_USE,STATUS_DESCRIPTION)
VALUES(7,23,1,1,'Loan In Closed- Written Off');
INSERT INTO ACCOUNT_STATE(ACCOUNT_STATE_ID,LOOKUP_id,PRD_TYPE_ID,CURRENTLY_IN_USE,STATUS_DESCRIPTION)
VALUES(8,24,1,1,'Loan In Closed- Rescheduled');
INSERT INTO ACCOUNT_STATE(ACCOUNT_STATE_ID,LOOKUP_id,PRD_TYPE_ID,CURRENTLY_IN_USE,STATUS_DESCRIPTION)
VALUES(9,25,1,1,'Loan In Active Bad Standing');
INSERT INTO ACCOUNT_STATE(ACCOUNT_STATE_ID,LOOKUP_id,PRD_TYPE_ID,CURRENTLY_IN_USE,STATUS_DESCRIPTION)
VALUES(10,141,1,1,'Loan Cancel');
INSERT INTO ACCOUNT_STATE(ACCOUNT_STATE_ID,LOOKUP_id,PRD_TYPE_ID,CURRENTLY_IN_USE,STATUS_DESCRIPTION)
VALUES(11,142,1,1,'Customer Account Active');
INSERT INTO ACCOUNT_STATE(ACCOUNT_STATE_ID,LOOKUP_id,PRD_TYPE_ID,CURRENTLY_IN_USE,STATUS_DESCRIPTION)
VALUES(12,143,1,1,'Customer Account Inactive');
INSERT INTO ACCOUNT_STATE(ACCOUNT_STATE_ID,LOOKUP_id,PRD_TYPE_ID,CURRENTLY_IN_USE,STATUS_DESCRIPTION)
VALUES(13,181,2,1,'Savings In Partial Application');
INSERT INTO ACCOUNT_STATE(ACCOUNT_STATE_ID,LOOKUP_id,PRD_TYPE_ID,CURRENTLY_IN_USE,STATUS_DESCRIPTION)
VALUES(14,182,2,1,'Savings In Application Pending Approval');
INSERT INTO ACCOUNT_STATE(ACCOUNT_STATE_ID,LOOKUP_id,PRD_TYPE_ID,CURRENTLY_IN_USE,STATUS_DESCRIPTION)
VALUES(15,183,2,1,'Savings Cancelled');
INSERT INTO ACCOUNT_STATE(ACCOUNT_STATE_ID,LOOKUP_id,PRD_TYPE_ID,CURRENTLY_IN_USE,STATUS_DESCRIPTION)
VALUES(16,184,2,1,'Savings Active');
INSERT INTO ACCOUNT_STATE(ACCOUNT_STATE_ID,LOOKUP_id,PRD_TYPE_ID,CURRENTLY_IN_USE,STATUS_DESCRIPTION)
VALUES(17,185,2,1,'Savings Closed');
INSERT INTO ACCOUNT_STATE(ACCOUNT_STATE_ID,LOOKUP_id,PRD_TYPE_ID,CURRENTLY_IN_USE,STATUS_DESCRIPTION)
VALUES(18,210,2,1,'Savings Inactive');

/* The table Account State Flag contains the different flags associated at the various account states - System */
INSERT INTO ACCOUNT_STATE_FLAG(FLAG_ID,LOOKUP_ID,STATUS_ID,FLAG_DESCRIPTION,RETAIN_FLAG)
VALUES(1,174,10,'Withdraw',0);
INSERT INTO ACCOUNT_STATE_FLAG(FLAG_ID,LOOKUP_ID,STATUS_ID,FLAG_DESCRIPTION,RETAIN_FLAG)
VALUES(2,175,10,'Rejected',0);
INSERT INTO ACCOUNT_STATE_FLAG(FLAG_ID,LOOKUP_ID,STATUS_ID,FLAG_DESCRIPTION,RETAIN_FLAG)
VALUES(3,176,10,'Other',0);

/*Savings account flags*/
INSERT INTO ACCOUNT_STATE_FLAG(FLAG_ID,LOOKUP_ID,STATUS_ID,FLAG_DESCRIPTION,RETAIN_FLAG)
VALUES(4,211,15,'Withdraw',0);
INSERT INTO ACCOUNT_STATE_FLAG(FLAG_ID,LOOKUP_ID,STATUS_ID,FLAG_DESCRIPTION,RETAIN_FLAG)
VALUES(5,212,15,'Rejected',0);
INSERT INTO ACCOUNT_STATE_FLAG(FLAG_ID,LOOKUP_ID,STATUS_ID,FLAG_DESCRIPTION,RETAIN_FLAG)
VALUES(6,213,15,'Blacklisted',1);

/* The table PAYMENT_TYPE contains the different payment types associated like cash,etc - System */
INSERT INTO PAYMENT_TYPE(PAYMENT_TYPE_ID,PAYMENT_TYPE_LOOKUP_ID)
VALUES(1,177);
INSERT INTO PAYMENT_TYPE(PAYMENT_TYPE_ID,PAYMENT_TYPE_LOOKUP_ID)
VALUES(2,179);
INSERT INTO PAYMENT_TYPE(PAYMENT_TYPE_ID,PAYMENT_TYPE_LOOKUP_ID)
VALUES(3,180);

/* The table ACCOUNT_ACTION contains the different account actions that can be performed like deposit,withdraw,etc - System */
INSERT INTO ACCOUNT_ACTION(ACCOUNT_ACTION_ID,LOOKUP_ID)
VALUES(1,167);
INSERT INTO ACCOUNT_ACTION(ACCOUNT_ACTION_ID,LOOKUP_ID)
VALUES(2,168);
INSERT INTO ACCOUNT_ACTION(ACCOUNT_ACTION_ID,LOOKUP_ID)
VALUES(3,169);
INSERT INTO ACCOUNT_ACTION(ACCOUNT_ACTION_ID,LOOKUP_ID)
VALUES(4,170);
INSERT INTO ACCOUNT_ACTION(ACCOUNT_ACTION_ID,LOOKUP_ID)
VALUES(5,171);
INSERT INTO ACCOUNT_ACTION(ACCOUNT_ACTION_ID,LOOKUP_ID)
VALUES(6,172);
INSERT INTO ACCOUNT_ACTION(ACCOUNT_ACTION_ID,LOOKUP_ID)
VALUES(7,173);
INSERT INTO ACCOUNT_ACTION(ACCOUNT_ACTION_ID,LOOKUP_ID)
VALUES(8,191);
INSERT INTO ACCOUNT_ACTION(ACCOUNT_ACTION_ID,LOOKUP_ID)
VALUES(9,192);
INSERT INTO ACCOUNT_ACTION(ACCOUNT_ACTION_ID,LOOKUP_ID)
VALUES(10,193);
INSERT INTO ACCOUNT_ACTION(ACCOUNT_ACTION_ID,LOOKUP_ID)
VALUES(11,214);
INSERT INTO ACCOUNT_ACTION(ACCOUNT_ACTION_ID,LOOKUP_ID)
VALUES(12,362);
INSERT INTO ACCOUNT_ACTION(ACCOUNT_ACTION_ID,LOOKUP_ID)
VALUES(13,364);
INSERT INTO ACCOUNT_ACTION(ACCOUNT_ACTION_ID,LOOKUP_ID)
VALUES(14,366);
INSERT INTO ACCOUNT_ACTION(ACCOUNT_ACTION_ID,LOOKUP_ID)
VALUES(15,547);
INSERT INTO ACCOUNT_ACTION(ACCOUNT_ACTION_ID,LOOKUP_ID)
VALUES(16,548);
INSERT INTO ACCOUNT_ACTION(ACCOUNT_ACTION_ID,LOOKUP_ID)
VALUES(17,549);
/*Postion Table */

/* The table Position contains the group and center position values that can be associated to a client like Group President, Group Secretary, etc. Note that Groups and Centers share the same set of position titles- Configuration */
INSERT INTO POSITION (POSITION_ID,LOOKUP_ID)
VALUES(1,186);
INSERT INTO POSITION (POSITION_ID,LOOKUP_ID)
VALUES(2,187);
INSERT INTO POSITION (POSITION_ID,LOOKUP_ID)
VALUES(3,188);
INSERT INTO POSITION (POSITION_ID,LOOKUP_ID)
VALUES(4,216);


/* STILL NEEDS COMMENTS */
INSERT INTO OFFICE_ACTION_PAYMENT_TYPE(OFFICE_ID,PRD_TYPE_ID,ACCOUNT_ACTION_ID,PAYMENT_TYPE_ID)
VALUES(NULL,NULL,1,NULL);
INSERT INTO OFFICE_ACTION_PAYMENT_TYPE(OFFICE_ID,PRD_TYPE_ID,ACCOUNT_ACTION_ID,PAYMENT_TYPE_ID)
VALUES(NULL,NULL,2,NULL);
INSERT INTO OFFICE_ACTION_PAYMENT_TYPE(OFFICE_ID,PRD_TYPE_ID,ACCOUNT_ACTION_ID,PAYMENT_TYPE_ID)
VALUES(NULL,NULL,3,NULL);
INSERT INTO OFFICE_ACTION_PAYMENT_TYPE(OFFICE_ID,PRD_TYPE_ID,ACCOUNT_ACTION_ID,PAYMENT_TYPE_ID)
VALUES(NULL,NULL,4,NULL);
INSERT INTO OFFICE_ACTION_PAYMENT_TYPE(OFFICE_ID,PRD_TYPE_ID,ACCOUNT_ACTION_ID,PAYMENT_TYPE_ID)
VALUES(NULL,NULL,5,NULL);

/* The table Office Status contains the status that can be associated to a office like active,inactive etc - System */
INSERT INTO OFFICE_STATUS(STATUS_ID,LOOKUP_ID)
VALUES(1,15);
INSERT INTO OFFICE_STATUS(STATUS_ID,LOOKUP_ID)
VALUES(2,16);

/* The table Office will contain the default Head office information of the MFI like officename etc */
/* This information can be configured through the UI, so does not need to be configured in the script */
INSERT INTO OFFICE( PARENT_OFFICE_ID, GLOBAL_OFFICE_NUM, STATUS_ID, OFFICE_CODE_ID, OFFICE_LEVEL_ID,  SEARCH_ID, OFFICE_SHORT_NAME, MAX_CHILD_COUNT,LOCAL_REMOTE_FLAG, DISPLAY_NAME, CREATED_BY, CREATED_DATE, UPDATED_BY, UPDATED_DATE, VERSION_NO)
VALUES(NULL,'0001',1,NULL,1,'1.1','MIF1',2,1,'Mifos HO ',NULL,NULL,NULL,NULL,1);


/* STILL NEEDS COMMENTS */
INSERT INTO MFI_ATTRIBUTE(ATTRIBUTE_ID, OFFICE_ID, ATTRIBUTE_NAME, ATTRIBUTE_VALUE) 
VALUES(1,1,'CENTER','GROUP');
INSERT INTO MFI_ATTRIBUTE(ATTRIBUTE_ID, OFFICE_ID, ATTRIBUTE_NAME, ATTRIBUTE_VALUE)
VALUES(2,1,'CENTER','GROUP');
INSERT INTO MFI_ATTRIBUTE(ATTRIBUTE_ID, OFFICE_ID, ATTRIBUTE_NAME, ATTRIBUTE_VALUE)
VALUES(3,1,'CENTER','GROUP');
INSERT INTO MFI_ATTRIBUTE(ATTRIBUTE_ID, OFFICE_ID, ATTRIBUTE_NAME, ATTRIBUTE_VALUE)
VALUES(4,1,'CENTER','GROUP');
INSERT INTO MFI_ATTRIBUTE(ATTRIBUTE_ID, OFFICE_ID, ATTRIBUTE_NAME, ATTRIBUTE_VALUE)
VALUES(5,1,'CENTER','GROUP');


/* DONT EDIT THE LOGIN_NAME COLUMN VALUE IN THE FOLLOWING ROW BECAUSE IT WOULD BE USED AS DEFAULT USER
   PASSWORD FOR THE SAME IS BEING GENERATED BY INITIALIZER PLUGIN*/
 
/* The table Personnel contains the default user of the system with information like login name etc - Configuration */
 INSERT INTO PERSONNEL(PERSONNEL_ID,LEVEL_ID,GLOBAL_PERSONNEL_NUM,OFFICE_ID,TITLE,PERSONNEL_STATUS,PREFERRED_LOCALE,SEARCH_ID,MAX_CHILD_COUNT,PASSWORD,LOGIN_NAME,EMAIL_ID,PASSWORD_CHANGED,DISPLAY_NAME,CREATED_BY,
CREATED_DATE,UPDATED_BY,UPDATED_DATE,NO_OF_TRIES,LAST_LOGIN,LOCKED,VERSION_NO)
VALUES(1,2,'1',1,1,1,1,NULL,1,NULL,'mifos',NULL,1,'mifos',1,NULL,1,NULL,4,NULL,0,0);

/* The table Personnel Details contains the address information of the default user  - Configuration */
INSERT INTO PERSONNEL_DETAILS 
VALUES(1,'Mifos',NULL,NULL,'MFI','123','1979-12-12',NULL,50,NULL,NULL,NULL,'Bangalore',NULL,NULL,'Bangalore','Bangalore','Bangalore',null,NULL);

/* the table ENTITY_MASTER is used to specify entities that can be configured and are refered to in later sections of the script. */
/* Examples of how these entities might be configured later in the script: adding "Custom fields", or hidding/renaming fields that are associated with an entity (ie, hiding the field "middle name" in clients */
/* No configuration is needed in this section */
INSERT INTO ENTITY_MASTER(ENTITY_TYPE_ID,ENTITY_TYPE)
VALUES(1,'Client');
INSERT INTO ENTITY_MASTER(ENTITY_TYPE_ID,ENTITY_TYPE)
VALUES(2,'LoanProduct');
INSERT INTO ENTITY_MASTER(ENTITY_TYPE_ID,ENTITY_TYPE)
VALUES(3,'SavingsProduct');
INSERT INTO ENTITY_MASTER(ENTITY_TYPE_ID,ENTITY_TYPE)
VALUES(4,'ProductCategory');
INSERT INTO ENTITY_MASTER(ENTITY_TYPE_ID,ENTITY_TYPE)
VALUES(5,'ProductConfiguration');
INSERT INTO ENTITY_MASTER(ENTITY_TYPE_ID,ENTITY_TYPE)
VALUES(6,'Fees');
INSERT INTO ENTITY_MASTER(ENTITY_TYPE_ID,ENTITY_TYPE)
VALUES(7,'Accounts');
INSERT INTO ENTITY_MASTER(ENTITY_TYPE_ID,ENTITY_TYPE)
VALUES(8,'Admin');
INSERT INTO ENTITY_MASTER(ENTITY_TYPE_ID,ENTITY_TYPE)
VALUES(9,'Checklist');

INSERT INTO ENTITY_MASTER(ENTITY_TYPE_ID,ENTITY_TYPE)
VALUES(10,'Configuration');
INSERT INTO ENTITY_MASTER(ENTITY_TYPE_ID,ENTITY_TYPE)
VALUES(11,'Customer');
INSERT INTO ENTITY_MASTER(ENTITY_TYPE_ID,ENTITY_TYPE)
VALUES(12,'Group');
INSERT INTO ENTITY_MASTER(ENTITY_TYPE_ID,ENTITY_TYPE)
VALUES(13,'Login');
INSERT INTO ENTITY_MASTER(ENTITY_TYPE_ID,ENTITY_TYPE)
VALUES(14,'Meeting');
INSERT INTO ENTITY_MASTER(ENTITY_TYPE_ID,ENTITY_TYPE)
VALUES(15,'Office');
INSERT INTO ENTITY_MASTER(ENTITY_TYPE_ID,ENTITY_TYPE)
VALUES(16,'Penalty');
INSERT INTO ENTITY_MASTER(ENTITY_TYPE_ID,ENTITY_TYPE)
VALUES(17,'Personnel');

INSERT INTO ENTITY_MASTER(ENTITY_TYPE_ID,ENTITY_TYPE)
VALUES(19,'Roleandpermission');
INSERT INTO ENTITY_MASTER(ENTITY_TYPE_ID,ENTITY_TYPE)
VALUES(20,'Center');
INSERT INTO ENTITY_MASTER(ENTITY_TYPE_ID,ENTITY_TYPE)
VALUES(21,'Savings');
INSERT INTO ENTITY_MASTER(ENTITY_TYPE_ID,ENTITY_TYPE)
VALUES(22,'Loan');
INSERT INTO ENTITY_MASTER(ENTITY_TYPE_ID,ENTITY_TYPE)
VALUES(23,'BulkEntry');




/* The table Custom Field Definition will contain the additional information fields that an MFI configure Mifosthat will be required to be shown for a client , group etc for the MFI - Configuration */
/* Client*/
INSERT INTO CUSTOM_FIELD_DEFINITION(FIELD_ID,ENTITY_ID,FIELD_TYPE,ENTITY_TYPE,MANDATORY_FLAG,LEVEL_ID,DEFAULT_VALUE) 
VALUES (3,58,2,1,0,1,NULL);
/*Group*/
INSERT INTO CUSTOM_FIELD_DEFINITION(FIELD_ID,ENTITY_ID,FIELD_TYPE,ENTITY_TYPE,MANDATORY_FLAG,LEVEL_ID,DEFAULT_VALUE) 
VALUES (4,59,2,12,1,2,NULL);
/*Center*/
INSERT INTO CUSTOM_FIELD_DEFINITION(FIELD_ID,ENTITY_ID,FIELD_TYPE,ENTITY_TYPE,MANDATORY_FLAG,LEVEL_ID,DEFAULT_VALUE)
VALUES (5,60,2,20,0,3,NULL);
INSERT INTO CUSTOM_FIELD_DEFINITION(FIELD_ID,ENTITY_ID,FIELD_TYPE,ENTITY_TYPE,MANDATORY_FLAG,LEVEL_ID,DEFAULT_VALUE)
VALUES (6,61,1,20,1,3,NULL);
/*Personnel*/
INSERT INTO CUSTOM_FIELD_DEFINITION(FIELD_ID,ENTITY_ID,FIELD_TYPE,ENTITY_TYPE,MANDATORY_FLAG,LEVEL_ID,DEFAULT_VALUE)
VALUES (9,62,2,17,0,1,NULL);
/*Office*/
INSERT INTO CUSTOM_FIELD_DEFINITION(FIELD_ID,ENTITY_ID,FIELD_TYPE,ENTITY_TYPE,MANDATORY_FLAG,LEVEL_ID,DEFAULT_VALUE)
VALUES (10,62,2,15,0,1,NULL);
INSERT INTO CUSTOM_FIELD_DEFINITION(FIELD_ID,ENTITY_ID,FIELD_TYPE,ENTITY_TYPE,MANDATORY_FLAG,LEVEL_ID,DEFAULT_VALUE) 
VALUES (11,63,1,15,1,2,NULL);
INSERT INTO CUSTOM_FIELD_DEFINITION(FIELD_ID,ENTITY_ID,FIELD_TYPE,ENTITY_TYPE,MANDATORY_FLAG,LEVEL_ID,DEFAULT_VALUE)
VALUES (12,64,1,15,1,2,NULL);
INSERT INTO CUSTOM_FIELD_DEFINITION(FIELD_ID,ENTITY_ID,FIELD_TYPE,ENTITY_TYPE,MANDATORY_FLAG,LEVEL_ID,DEFAULT_VALUE)
VALUES (13,65,1,15,0,2,NULL);

/*Loan*/
INSERT INTO CUSTOM_FIELD_DEFINITION(FIELD_ID,ENTITY_ID,FIELD_TYPE,ENTITY_TYPE,MANDATORY_FLAG,LEVEL_ID,DEFAULT_VALUE)
VALUES (7,66,2,22,0,1,NULL);
/*Savings*/
INSERT INTO CUSTOM_FIELD_DEFINITION(FIELD_ID,ENTITY_ID,FIELD_TYPE,ENTITY_TYPE,MANDATORY_FLAG,LEVEL_ID,DEFAULT_VALUE)
VALUES (8,67,2,21,0,1,NULL);

/* The table Activity will contain all the activities supported by the system - System */
INSERT INTO ACTIVITY(ACTIVITY_ID,PARENT_ID,ACTIVITY_NAME_LOOKUP_ID,DESCRIPTION_LOOKUP_ID)
VALUES(1,NULL,371,371 );
INSERT INTO ACTIVITY(ACTIVITY_ID,PARENT_ID,ACTIVITY_NAME_LOOKUP_ID,DESCRIPTION_LOOKUP_ID)
VALUES(2,1,372,372 );
INSERT INTO ACTIVITY(ACTIVITY_ID,PARENT_ID,ACTIVITY_NAME_LOOKUP_ID,DESCRIPTION_LOOKUP_ID)
VALUES(3,2,373,373 );
INSERT INTO ACTIVITY(ACTIVITY_ID,PARENT_ID,ACTIVITY_NAME_LOOKUP_ID,DESCRIPTION_LOOKUP_ID)
VALUES(4,2,374,374 );
INSERT INTO ACTIVITY(ACTIVITY_ID,PARENT_ID,ACTIVITY_NAME_LOOKUP_ID,DESCRIPTION_LOOKUP_ID)
VALUES(5,1,375,375 );
INSERT INTO ACTIVITY(ACTIVITY_ID,PARENT_ID,ACTIVITY_NAME_LOOKUP_ID,DESCRIPTION_LOOKUP_ID)
VALUES(6,5,376,376 );
INSERT INTO ACTIVITY(ACTIVITY_ID,PARENT_ID,ACTIVITY_NAME_LOOKUP_ID,DESCRIPTION_LOOKUP_ID)
VALUES(7,5,377,377 );
INSERT INTO ACTIVITY(ACTIVITY_ID,PARENT_ID,ACTIVITY_NAME_LOOKUP_ID,DESCRIPTION_LOOKUP_ID)
VALUES(8,1,378,378 );
INSERT INTO ACTIVITY(ACTIVITY_ID,PARENT_ID,ACTIVITY_NAME_LOOKUP_ID,DESCRIPTION_LOOKUP_ID)
VALUES(9,8,379,379 );
INSERT INTO ACTIVITY(ACTIVITY_ID,PARENT_ID,ACTIVITY_NAME_LOOKUP_ID,DESCRIPTION_LOOKUP_ID)
VALUES(10,8,380,380 );
INSERT INTO ACTIVITY(ACTIVITY_ID,PARENT_ID,ACTIVITY_NAME_LOOKUP_ID,DESCRIPTION_LOOKUP_ID)
VALUES(13,NULL,381,381 );
INSERT INTO ACTIVITY(ACTIVITY_ID,PARENT_ID,ACTIVITY_NAME_LOOKUP_ID,DESCRIPTION_LOOKUP_ID)
VALUES(14,13,382,382 );
INSERT INTO ACTIVITY(ACTIVITY_ID,PARENT_ID,ACTIVITY_NAME_LOOKUP_ID,DESCRIPTION_LOOKUP_ID)
VALUES(15,14,383,383 );
INSERT INTO ACTIVITY(ACTIVITY_ID,PARENT_ID,ACTIVITY_NAME_LOOKUP_ID,DESCRIPTION_LOOKUP_ID)
VALUES(16,14,384,384 );
INSERT INTO ACTIVITY(ACTIVITY_ID,PARENT_ID,ACTIVITY_NAME_LOOKUP_ID,DESCRIPTION_LOOKUP_ID)
VALUES(17,NULL,385,385 );
INSERT INTO ACTIVITY(ACTIVITY_ID,PARENT_ID,ACTIVITY_NAME_LOOKUP_ID,DESCRIPTION_LOOKUP_ID)
VALUES(18,17,386,386 );
INSERT INTO ACTIVITY(ACTIVITY_ID,PARENT_ID,ACTIVITY_NAME_LOOKUP_ID,DESCRIPTION_LOOKUP_ID)
VALUES(19,18,387,387 );
INSERT INTO ACTIVITY(ACTIVITY_ID,PARENT_ID,ACTIVITY_NAME_LOOKUP_ID,DESCRIPTION_LOOKUP_ID)
VALUES(20,18,388,388 );
INSERT INTO ACTIVITY(ACTIVITY_ID,PARENT_ID,ACTIVITY_NAME_LOOKUP_ID,DESCRIPTION_LOOKUP_ID)
VALUES(21,18,389,389 );
INSERT INTO ACTIVITY(ACTIVITY_ID,PARENT_ID,ACTIVITY_NAME_LOOKUP_ID,DESCRIPTION_LOOKUP_ID)
VALUES(22,17,390,390 );
INSERT INTO ACTIVITY(ACTIVITY_ID,PARENT_ID,ACTIVITY_NAME_LOOKUP_ID,DESCRIPTION_LOOKUP_ID)
VALUES(23,22,391,391 );
INSERT INTO ACTIVITY(ACTIVITY_ID,PARENT_ID,ACTIVITY_NAME_LOOKUP_ID,DESCRIPTION_LOOKUP_ID)
VALUES(24,22,392,392 );
INSERT INTO ACTIVITY(ACTIVITY_ID,PARENT_ID,ACTIVITY_NAME_LOOKUP_ID,DESCRIPTION_LOOKUP_ID)
VALUES(25,22,393,393 );
INSERT INTO ACTIVITY(ACTIVITY_ID,PARENT_ID,ACTIVITY_NAME_LOOKUP_ID,DESCRIPTION_LOOKUP_ID)
VALUES(33,NULL,394,394 );
INSERT INTO ACTIVITY(ACTIVITY_ID,PARENT_ID,ACTIVITY_NAME_LOOKUP_ID,DESCRIPTION_LOOKUP_ID)
VALUES(34,33,395,395 );
INSERT INTO ACTIVITY(ACTIVITY_ID,PARENT_ID,ACTIVITY_NAME_LOOKUP_ID,DESCRIPTION_LOOKUP_ID)
VALUES(35,34,396,396 );
INSERT INTO ACTIVITY(ACTIVITY_ID,PARENT_ID,ACTIVITY_NAME_LOOKUP_ID,DESCRIPTION_LOOKUP_ID)
VALUES(36,34,397,397 );
INSERT INTO ACTIVITY(ACTIVITY_ID,PARENT_ID,ACTIVITY_NAME_LOOKUP_ID,DESCRIPTION_LOOKUP_ID)
VALUES(37,34,398,398);
INSERT INTO ACTIVITY(ACTIVITY_ID,PARENT_ID,ACTIVITY_NAME_LOOKUP_ID,DESCRIPTION_LOOKUP_ID)
VALUES(38,34,399,399 );
INSERT INTO ACTIVITY(ACTIVITY_ID,PARENT_ID,ACTIVITY_NAME_LOOKUP_ID,DESCRIPTION_LOOKUP_ID)
VALUES(39,34,400,400 );
INSERT INTO ACTIVITY(ACTIVITY_ID,PARENT_ID,ACTIVITY_NAME_LOOKUP_ID,DESCRIPTION_LOOKUP_ID)
VALUES(40,34,401,401 );
INSERT INTO ACTIVITY(ACTIVITY_ID,PARENT_ID,ACTIVITY_NAME_LOOKUP_ID,DESCRIPTION_LOOKUP_ID)
VALUES(41,34,402,402 );
INSERT INTO ACTIVITY(ACTIVITY_ID,PARENT_ID,ACTIVITY_NAME_LOOKUP_ID,DESCRIPTION_LOOKUP_ID)
VALUES(42,34,403,403 );
INSERT INTO ACTIVITY(ACTIVITY_ID,PARENT_ID,ACTIVITY_NAME_LOOKUP_ID,DESCRIPTION_LOOKUP_ID)
VALUES(43,34,404,404 );
INSERT INTO ACTIVITY(ACTIVITY_ID,PARENT_ID,ACTIVITY_NAME_LOOKUP_ID,DESCRIPTION_LOOKUP_ID)
VALUES(44,34,405,405 );
INSERT INTO ACTIVITY(ACTIVITY_ID,PARENT_ID,ACTIVITY_NAME_LOOKUP_ID,DESCRIPTION_LOOKUP_ID)
VALUES(46,34,407,407 );
INSERT INTO ACTIVITY(ACTIVITY_ID,PARENT_ID,ACTIVITY_NAME_LOOKUP_ID,DESCRIPTION_LOOKUP_ID)
VALUES(47,34,408,408 );
INSERT INTO ACTIVITY(ACTIVITY_ID,PARENT_ID,ACTIVITY_NAME_LOOKUP_ID,DESCRIPTION_LOOKUP_ID)
VALUES(48,34,409,409 );
INSERT INTO ACTIVITY(ACTIVITY_ID,PARENT_ID,ACTIVITY_NAME_LOOKUP_ID,DESCRIPTION_LOOKUP_ID)
VALUES(49,34,410,410 );
INSERT INTO ACTIVITY(ACTIVITY_ID,PARENT_ID,ACTIVITY_NAME_LOOKUP_ID,DESCRIPTION_LOOKUP_ID)
VALUES(50,34,411,411);
INSERT INTO ACTIVITY(ACTIVITY_ID,PARENT_ID,ACTIVITY_NAME_LOOKUP_ID,DESCRIPTION_LOOKUP_ID)
VALUES(51,34,412,412 );
INSERT INTO ACTIVITY(ACTIVITY_ID,PARENT_ID,ACTIVITY_NAME_LOOKUP_ID,DESCRIPTION_LOOKUP_ID)
VALUES(52,34,413,413 );
INSERT INTO ACTIVITY(ACTIVITY_ID,PARENT_ID,ACTIVITY_NAME_LOOKUP_ID,DESCRIPTION_LOOKUP_ID)
VALUES(53,34,414,414 );
INSERT INTO ACTIVITY(ACTIVITY_ID,PARENT_ID,ACTIVITY_NAME_LOOKUP_ID,DESCRIPTION_LOOKUP_ID)
VALUES(54,34,415,415 );
INSERT INTO ACTIVITY(ACTIVITY_ID,PARENT_ID,ACTIVITY_NAME_LOOKUP_ID,DESCRIPTION_LOOKUP_ID)
VALUES(55,34,416,416 );
INSERT INTO ACTIVITY(ACTIVITY_ID,PARENT_ID,ACTIVITY_NAME_LOOKUP_ID,DESCRIPTION_LOOKUP_ID)
VALUES(56,33,417,417 );
INSERT INTO ACTIVITY(ACTIVITY_ID,PARENT_ID,ACTIVITY_NAME_LOOKUP_ID,DESCRIPTION_LOOKUP_ID)
VALUES(57,56,418,418 );
INSERT INTO ACTIVITY(ACTIVITY_ID,PARENT_ID,ACTIVITY_NAME_LOOKUP_ID,DESCRIPTION_LOOKUP_ID)
VALUES(58,56,419,419 );
INSERT INTO ACTIVITY(ACTIVITY_ID,PARENT_ID,ACTIVITY_NAME_LOOKUP_ID,DESCRIPTION_LOOKUP_ID)
VALUES(59,56,420,420 );
INSERT INTO ACTIVITY(ACTIVITY_ID,PARENT_ID,ACTIVITY_NAME_LOOKUP_ID,DESCRIPTION_LOOKUP_ID)
VALUES(60,56,421,421 );
INSERT INTO ACTIVITY(ACTIVITY_ID,PARENT_ID,ACTIVITY_NAME_LOOKUP_ID,DESCRIPTION_LOOKUP_ID)
VALUES(61,56,422,422 );
INSERT INTO ACTIVITY(ACTIVITY_ID,PARENT_ID,ACTIVITY_NAME_LOOKUP_ID,DESCRIPTION_LOOKUP_ID)
VALUES(62,56,423,423 );
INSERT INTO ACTIVITY(ACTIVITY_ID,PARENT_ID,ACTIVITY_NAME_LOOKUP_ID,DESCRIPTION_LOOKUP_ID)
VALUES(63,56,424,424 );
INSERT INTO ACTIVITY(ACTIVITY_ID,PARENT_ID,ACTIVITY_NAME_LOOKUP_ID,DESCRIPTION_LOOKUP_ID)
VALUES(64,56,425,425 );
INSERT INTO ACTIVITY(ACTIVITY_ID,PARENT_ID,ACTIVITY_NAME_LOOKUP_ID,DESCRIPTION_LOOKUP_ID)
VALUES(65,56,426,426 );
INSERT INTO ACTIVITY(ACTIVITY_ID,PARENT_ID,ACTIVITY_NAME_LOOKUP_ID,DESCRIPTION_LOOKUP_ID)
VALUES(66,56,427,427 );
INSERT INTO ACTIVITY(ACTIVITY_ID,PARENT_ID,ACTIVITY_NAME_LOOKUP_ID,DESCRIPTION_LOOKUP_ID)
VALUES(68,56,429,429 );
INSERT INTO ACTIVITY(ACTIVITY_ID,PARENT_ID,ACTIVITY_NAME_LOOKUP_ID,DESCRIPTION_LOOKUP_ID)
VALUES(69,56,430,430 );
INSERT INTO ACTIVITY(ACTIVITY_ID,PARENT_ID,ACTIVITY_NAME_LOOKUP_ID,DESCRIPTION_LOOKUP_ID)
VALUES(70,56,431,431 );
INSERT INTO ACTIVITY(ACTIVITY_ID,PARENT_ID,ACTIVITY_NAME_LOOKUP_ID,DESCRIPTION_LOOKUP_ID)
VALUES(71,56,432,432 );
INSERT INTO ACTIVITY(ACTIVITY_ID,PARENT_ID,ACTIVITY_NAME_LOOKUP_ID,DESCRIPTION_LOOKUP_ID)
VALUES(72,56,433,433 );
INSERT INTO ACTIVITY(ACTIVITY_ID,PARENT_ID,ACTIVITY_NAME_LOOKUP_ID,DESCRIPTION_LOOKUP_ID)
VALUES(73,56,434,434 );
INSERT INTO ACTIVITY(ACTIVITY_ID,PARENT_ID,ACTIVITY_NAME_LOOKUP_ID,DESCRIPTION_LOOKUP_ID)
VALUES(74,56,435,435 );
INSERT INTO ACTIVITY(ACTIVITY_ID,PARENT_ID,ACTIVITY_NAME_LOOKUP_ID,DESCRIPTION_LOOKUP_ID)
VALUES(75,56,436,436 );
INSERT INTO ACTIVITY(ACTIVITY_ID,PARENT_ID,ACTIVITY_NAME_LOOKUP_ID,DESCRIPTION_LOOKUP_ID)
VALUES(76,56,437,437 );
INSERT INTO ACTIVITY(ACTIVITY_ID,PARENT_ID,ACTIVITY_NAME_LOOKUP_ID,DESCRIPTION_LOOKUP_ID)
VALUES(77,56,438,438 );
INSERT INTO ACTIVITY(ACTIVITY_ID,PARENT_ID,ACTIVITY_NAME_LOOKUP_ID,DESCRIPTION_LOOKUP_ID)
VALUES(78,33,439,439 );
INSERT INTO ACTIVITY(ACTIVITY_ID,PARENT_ID,ACTIVITY_NAME_LOOKUP_ID,DESCRIPTION_LOOKUP_ID)
VALUES(79,78,440,440 );
INSERT INTO ACTIVITY(ACTIVITY_ID,PARENT_ID,ACTIVITY_NAME_LOOKUP_ID,DESCRIPTION_LOOKUP_ID)
VALUES(80,78,441,441 );
INSERT INTO ACTIVITY(ACTIVITY_ID,PARENT_ID,ACTIVITY_NAME_LOOKUP_ID,DESCRIPTION_LOOKUP_ID)
VALUES(81,78,442,442 );
INSERT INTO ACTIVITY(ACTIVITY_ID,PARENT_ID,ACTIVITY_NAME_LOOKUP_ID,DESCRIPTION_LOOKUP_ID)
VALUES(82,78,443,443 );
INSERT INTO ACTIVITY(ACTIVITY_ID,PARENT_ID,ACTIVITY_NAME_LOOKUP_ID,DESCRIPTION_LOOKUP_ID)
VALUES(83,78,444,444 );
INSERT INTO ACTIVITY(ACTIVITY_ID,PARENT_ID,ACTIVITY_NAME_LOOKUP_ID,DESCRIPTION_LOOKUP_ID)
VALUES(85,78,446,446 );
INSERT INTO ACTIVITY(ACTIVITY_ID,PARENT_ID,ACTIVITY_NAME_LOOKUP_ID,DESCRIPTION_LOOKUP_ID)
VALUES(86,78,447,447 );
INSERT INTO ACTIVITY(ACTIVITY_ID,PARENT_ID,ACTIVITY_NAME_LOOKUP_ID,DESCRIPTION_LOOKUP_ID)
VALUES(87,78,448,438 );
INSERT INTO ACTIVITY(ACTIVITY_ID,PARENT_ID,ACTIVITY_NAME_LOOKUP_ID,DESCRIPTION_LOOKUP_ID)
VALUES(88,78,449,449 );
INSERT INTO ACTIVITY(ACTIVITY_ID,PARENT_ID,ACTIVITY_NAME_LOOKUP_ID,DESCRIPTION_LOOKUP_ID)
VALUES(89,NULL,450,450 );
INSERT INTO ACTIVITY(ACTIVITY_ID,PARENT_ID,ACTIVITY_NAME_LOOKUP_ID,DESCRIPTION_LOOKUP_ID)
VALUES(90,89,451,451 );
INSERT INTO ACTIVITY(ACTIVITY_ID,PARENT_ID,ACTIVITY_NAME_LOOKUP_ID,DESCRIPTION_LOOKUP_ID)
VALUES(91,90,452,452 );
INSERT INTO ACTIVITY(ACTIVITY_ID,PARENT_ID,ACTIVITY_NAME_LOOKUP_ID,DESCRIPTION_LOOKUP_ID)
VALUES(92,90,453,453 );
INSERT INTO ACTIVITY(ACTIVITY_ID,PARENT_ID,ACTIVITY_NAME_LOOKUP_ID,DESCRIPTION_LOOKUP_ID)
VALUES(93,89,454,454 );
INSERT INTO ACTIVITY(ACTIVITY_ID,PARENT_ID,ACTIVITY_NAME_LOOKUP_ID,DESCRIPTION_LOOKUP_ID)
VALUES(94,93,455,455 );
INSERT INTO ACTIVITY(ACTIVITY_ID,PARENT_ID,ACTIVITY_NAME_LOOKUP_ID,DESCRIPTION_LOOKUP_ID)
VALUES(95,93,456,456 );
INSERT INTO ACTIVITY(ACTIVITY_ID,PARENT_ID,ACTIVITY_NAME_LOOKUP_ID,DESCRIPTION_LOOKUP_ID)
VALUES(96,89,457,457 );
INSERT INTO ACTIVITY(ACTIVITY_ID,PARENT_ID,ACTIVITY_NAME_LOOKUP_ID,DESCRIPTION_LOOKUP_ID)
VALUES(97,96,458,458 );
INSERT INTO ACTIVITY(ACTIVITY_ID,PARENT_ID,ACTIVITY_NAME_LOOKUP_ID,DESCRIPTION_LOOKUP_ID)
VALUES(98,96,459,459 );
INSERT INTO ACTIVITY(ACTIVITY_ID,PARENT_ID,ACTIVITY_NAME_LOOKUP_ID,DESCRIPTION_LOOKUP_ID)
VALUES(99,NULL,460,460 );
INSERT INTO ACTIVITY(ACTIVITY_ID,PARENT_ID,ACTIVITY_NAME_LOOKUP_ID,DESCRIPTION_LOOKUP_ID)
VALUES(100,99,461,461 );
INSERT INTO ACTIVITY(ACTIVITY_ID,PARENT_ID,ACTIVITY_NAME_LOOKUP_ID,DESCRIPTION_LOOKUP_ID)
VALUES(101,100,462,462 );
INSERT INTO ACTIVITY(ACTIVITY_ID,PARENT_ID,ACTIVITY_NAME_LOOKUP_ID,DESCRIPTION_LOOKUP_ID)
VALUES(102,100,463,463 );
INSERT INTO ACTIVITY(ACTIVITY_ID,PARENT_ID,ACTIVITY_NAME_LOOKUP_ID,DESCRIPTION_LOOKUP_ID)
VALUES(103,100,464,464 );
INSERT INTO ACTIVITY(ACTIVITY_ID,PARENT_ID,ACTIVITY_NAME_LOOKUP_ID,DESCRIPTION_LOOKUP_ID)
VALUES(104,100,465,465 );
INSERT INTO ACTIVITY(ACTIVITY_ID,PARENT_ID,ACTIVITY_NAME_LOOKUP_ID,DESCRIPTION_LOOKUP_ID)
VALUES(105,100,466,466 );
INSERT INTO ACTIVITY(ACTIVITY_ID,PARENT_ID,ACTIVITY_NAME_LOOKUP_ID,DESCRIPTION_LOOKUP_ID)
VALUES(106,100,467,467 );
INSERT INTO ACTIVITY(ACTIVITY_ID,PARENT_ID,ACTIVITY_NAME_LOOKUP_ID,DESCRIPTION_LOOKUP_ID)
VALUES(108,100,469,469 );
INSERT INTO ACTIVITY(ACTIVITY_ID,PARENT_ID,ACTIVITY_NAME_LOOKUP_ID,DESCRIPTION_LOOKUP_ID)
VALUES(109,100,470,470 );
INSERT INTO ACTIVITY(ACTIVITY_ID,PARENT_ID,ACTIVITY_NAME_LOOKUP_ID,DESCRIPTION_LOOKUP_ID)
VALUES(110,100,471,471 );
INSERT INTO ACTIVITY(ACTIVITY_ID,PARENT_ID,ACTIVITY_NAME_LOOKUP_ID,DESCRIPTION_LOOKUP_ID)
VALUES(113,99,474,474 );
INSERT INTO ACTIVITY(ACTIVITY_ID,PARENT_ID,ACTIVITY_NAME_LOOKUP_ID,DESCRIPTION_LOOKUP_ID)
VALUES(115,113,475,475 );
INSERT INTO ACTIVITY(ACTIVITY_ID,PARENT_ID,ACTIVITY_NAME_LOOKUP_ID,DESCRIPTION_LOOKUP_ID)
VALUES(116,113,476,476 );
INSERT INTO ACTIVITY(ACTIVITY_ID,PARENT_ID,ACTIVITY_NAME_LOOKUP_ID,DESCRIPTION_LOOKUP_ID)
VALUES(118,113,478,478 );
INSERT INTO ACTIVITY(ACTIVITY_ID,PARENT_ID,ACTIVITY_NAME_LOOKUP_ID,DESCRIPTION_LOOKUP_ID)
VALUES(119,113,479,479 );
INSERT INTO ACTIVITY(ACTIVITY_ID,PARENT_ID,ACTIVITY_NAME_LOOKUP_ID,DESCRIPTION_LOOKUP_ID)
VALUES(120,113,480,480 );
INSERT INTO ACTIVITY(ACTIVITY_ID,PARENT_ID,ACTIVITY_NAME_LOOKUP_ID,DESCRIPTION_LOOKUP_ID)
VALUES(121,34,481,481 ); 
INSERT INTO ACTIVITY(ACTIVITY_ID,PARENT_ID,ACTIVITY_NAME_LOOKUP_ID,DESCRIPTION_LOOKUP_ID)
VALUES(122,56,482,482 );
/* INSERT INTO ACTIVITY(ACTIVITY_ID,PARENT_ID,ACTIVITY_NAME_LOOKUP_ID,DESCRIPTION_LOOKUP_ID)VALUES(123,33,709,709 ); */
/* INSERT INTO ACTIVITY(ACTIVITY_ID,PARENT_ID,ACTIVITY_NAME_LOOKUP_ID,DESCRIPTION_LOOKUP_ID)VALUES(124,123,709,709 ); */
/* INSERT INTO ACTIVITY(ACTIVITY_ID,PARENT_ID,ACTIVITY_NAME_LOOKUP_ID,DESCRIPTION_LOOKUP_ID)VALUES(125,34,709,709 ); */
INSERT INTO ACTIVITY(ACTIVITY_ID,PARENT_ID,ACTIVITY_NAME_LOOKUP_ID,DESCRIPTION_LOOKUP_ID)
VALUES(126,34,483,483 );
INSERT INTO ACTIVITY(ACTIVITY_ID,PARENT_ID,ACTIVITY_NAME_LOOKUP_ID,DESCRIPTION_LOOKUP_ID)
VALUES(127,78,484,484 ); 
INSERT INTO ACTIVITY(ACTIVITY_ID,PARENT_ID,ACTIVITY_NAME_LOOKUP_ID,DESCRIPTION_LOOKUP_ID)
VALUES(128,78,485,485 );
INSERT INTO ACTIVITY(ACTIVITY_ID,PARENT_ID,ACTIVITY_NAME_LOOKUP_ID,DESCRIPTION_LOOKUP_ID)
VALUES(129,100,486,486 );
/* INSERT INTO ACTIVITY(ACTIVITY_ID,PARENT_ID,ACTIVITY_NAME_LOOKUP_ID,DESCRIPTION_LOOKUP_ID) VALUES(130,100,709,709 );*/
INSERT INTO ACTIVITY(ACTIVITY_ID,PARENT_ID,ACTIVITY_NAME_LOOKUP_ID,DESCRIPTION_LOOKUP_ID)
VALUES(131,113,487,487 );
/* INSERT INTO ACTIVITY(ACTIVITY_ID,PARENT_ID,ACTIVITY_NAME_LOOKUP_ID,DESCRIPTION_LOOKUP_ID)VALUES(133,123,709,709 );*/
/* INSERT INTO ACTIVITY(ACTIVITY_ID,PARENT_ID,ACTIVITY_NAME_LOOKUP_ID,DESCRIPTION_LOOKUP_ID)VALUES(134,123,709,709 );*/
INSERT INTO ACTIVITY(ACTIVITY_ID,PARENT_ID,ACTIVITY_NAME_LOOKUP_ID,DESCRIPTION_LOOKUP_ID)
VALUES(135,18,488,488 );
INSERT INTO ACTIVITY(ACTIVITY_ID,PARENT_ID,ACTIVITY_NAME_LOOKUP_ID,DESCRIPTION_LOOKUP_ID)
VALUES(136,null,489,489 );
INSERT INTO ACTIVITY(ACTIVITY_ID,PARENT_ID,ACTIVITY_NAME_LOOKUP_ID,DESCRIPTION_LOOKUP_ID)
VALUES(137,136,490,490 );
INSERT INTO ACTIVITY(ACTIVITY_ID,PARENT_ID,ACTIVITY_NAME_LOOKUP_ID,DESCRIPTION_LOOKUP_ID)
VALUES(138,136,491,491 );
INSERT INTO ACTIVITY(ACTIVITY_ID,PARENT_ID,ACTIVITY_NAME_LOOKUP_ID,DESCRIPTION_LOOKUP_ID)
VALUES(139,136,492,492 );
INSERT INTO ACTIVITY(ACTIVITY_ID,PARENT_ID,ACTIVITY_NAME_LOOKUP_ID,DESCRIPTION_LOOKUP_ID)
VALUES(140,136,493,493 );
INSERT INTO ACTIVITY(ACTIVITY_ID,PARENT_ID,ACTIVITY_NAME_LOOKUP_ID,DESCRIPTION_LOOKUP_ID)
VALUES(141,null,494,494 );
INSERT INTO ACTIVITY(ACTIVITY_ID,PARENT_ID,ACTIVITY_NAME_LOOKUP_ID,DESCRIPTION_LOOKUP_ID)
VALUES(142,141,495,495 );
INSERT INTO ACTIVITY(ACTIVITY_ID,PARENT_ID,ACTIVITY_NAME_LOOKUP_ID,DESCRIPTION_LOOKUP_ID)
VALUES(143,141,496,496 );
INSERT INTO ACTIVITY(ACTIVITY_ID,PARENT_ID,ACTIVITY_NAME_LOOKUP_ID,DESCRIPTION_LOOKUP_ID)
VALUES(144,141,497,497 );
INSERT INTO ACTIVITY(ACTIVITY_ID,PARENT_ID,ACTIVITY_NAME_LOOKUP_ID,DESCRIPTION_LOOKUP_ID)
VALUES(145,141,498,498 );
INSERT INTO ACTIVITY(ACTIVITY_ID,PARENT_ID,ACTIVITY_NAME_LOOKUP_ID,DESCRIPTION_LOOKUP_ID)
VALUES(146,141,499,499 );
INSERT INTO ACTIVITY(ACTIVITY_ID,PARENT_ID,ACTIVITY_NAME_LOOKUP_ID,DESCRIPTION_LOOKUP_ID)
VALUES(147,141,500,500 );
INSERT INTO ACTIVITY(ACTIVITY_ID,PARENT_ID,ACTIVITY_NAME_LOOKUP_ID,DESCRIPTION_LOOKUP_ID)
VALUES(148,141,501,501 );
INSERT INTO ACTIVITY(ACTIVITY_ID,PARENT_ID,ACTIVITY_NAME_LOOKUP_ID,DESCRIPTION_LOOKUP_ID)
VALUES(149,141,502,502 );
INSERT INTO ACTIVITY(ACTIVITY_ID,PARENT_ID,ACTIVITY_NAME_LOOKUP_ID,DESCRIPTION_LOOKUP_ID)
VALUES(150,141,503,503 );
INSERT INTO ACTIVITY(ACTIVITY_ID,PARENT_ID,ACTIVITY_NAME_LOOKUP_ID,DESCRIPTION_LOOKUP_ID)
VALUES(151,141,504,504 );
INSERT INTO ACTIVITY(ACTIVITY_ID,PARENT_ID,ACTIVITY_NAME_LOOKUP_ID,DESCRIPTION_LOOKUP_ID)
VALUES(152,145,505,505 );
INSERT INTO ACTIVITY(ACTIVITY_ID,PARENT_ID,ACTIVITY_NAME_LOOKUP_ID,DESCRIPTION_LOOKUP_ID)
VALUES(153,145,506,506 );
INSERT INTO ACTIVITY(ACTIVITY_ID,PARENT_ID,ACTIVITY_NAME_LOOKUP_ID,DESCRIPTION_LOOKUP_ID)
VALUES(154,145,507,507 );
INSERT INTO ACTIVITY(ACTIVITY_ID,PARENT_ID,ACTIVITY_NAME_LOOKUP_ID,DESCRIPTION_LOOKUP_ID)
VALUES(155,145,508,508 );
INSERT INTO ACTIVITY(ACTIVITY_ID,PARENT_ID,ACTIVITY_NAME_LOOKUP_ID,DESCRIPTION_LOOKUP_ID)
VALUES(156,145,509,509 );
INSERT INTO ACTIVITY(ACTIVITY_ID,PARENT_ID,ACTIVITY_NAME_LOOKUP_ID,DESCRIPTION_LOOKUP_ID)
VALUES(157,145,510,510 );
INSERT INTO ACTIVITY(ACTIVITY_ID,PARENT_ID,ACTIVITY_NAME_LOOKUP_ID,DESCRIPTION_LOOKUP_ID)
VALUES(158,145,511,511 );
INSERT INTO ACTIVITY(ACTIVITY_ID,PARENT_ID,ACTIVITY_NAME_LOOKUP_ID,DESCRIPTION_LOOKUP_ID)
VALUES(159,146,512,512 );
INSERT INTO ACTIVITY(ACTIVITY_ID,PARENT_ID,ACTIVITY_NAME_LOOKUP_ID,DESCRIPTION_LOOKUP_ID)
VALUES(160,147,513,513 );
INSERT INTO ACTIVITY(ACTIVITY_ID,PARENT_ID,ACTIVITY_NAME_LOOKUP_ID,DESCRIPTION_LOOKUP_ID)
VALUES(161,147,514,514 );
INSERT INTO ACTIVITY(ACTIVITY_ID,PARENT_ID,ACTIVITY_NAME_LOOKUP_ID,DESCRIPTION_LOOKUP_ID)
VALUES(162,147,515,515 );
INSERT INTO ACTIVITY(ACTIVITY_ID,PARENT_ID,ACTIVITY_NAME_LOOKUP_ID,DESCRIPTION_LOOKUP_ID)
VALUES(163,147,516,516 );
INSERT INTO ACTIVITY(ACTIVITY_ID,PARENT_ID,ACTIVITY_NAME_LOOKUP_ID,DESCRIPTION_LOOKUP_ID)
VALUES(164,148,517,517 );
INSERT INTO ACTIVITY(ACTIVITY_ID,PARENT_ID,ACTIVITY_NAME_LOOKUP_ID,DESCRIPTION_LOOKUP_ID)
VALUES(165,148,518,518 );
INSERT INTO ACTIVITY(ACTIVITY_ID,PARENT_ID,ACTIVITY_NAME_LOOKUP_ID,DESCRIPTION_LOOKUP_ID)
VALUES(166,148,519,519 );
INSERT INTO ACTIVITY(ACTIVITY_ID,PARENT_ID,ACTIVITY_NAME_LOOKUP_ID,DESCRIPTION_LOOKUP_ID)
VALUES(167,148,520,520 );
INSERT INTO ACTIVITY(ACTIVITY_ID,PARENT_ID,ACTIVITY_NAME_LOOKUP_ID,DESCRIPTION_LOOKUP_ID)
VALUES(168,148,521,521 );
INSERT INTO ACTIVITY(ACTIVITY_ID,PARENT_ID,ACTIVITY_NAME_LOOKUP_ID,DESCRIPTION_LOOKUP_ID)
VALUES(169,148,522,522 );
INSERT INTO ACTIVITY(ACTIVITY_ID,PARENT_ID,ACTIVITY_NAME_LOOKUP_ID,DESCRIPTION_LOOKUP_ID)
VALUES(170,148,523,523 );
INSERT INTO ACTIVITY(ACTIVITY_ID,PARENT_ID,ACTIVITY_NAME_LOOKUP_ID,DESCRIPTION_LOOKUP_ID)
VALUES(171,148,524,524 );
INSERT INTO ACTIVITY(ACTIVITY_ID,PARENT_ID,ACTIVITY_NAME_LOOKUP_ID,DESCRIPTION_LOOKUP_ID)
VALUES(172,149,525,525 );
INSERT INTO ACTIVITY(ACTIVITY_ID,PARENT_ID,ACTIVITY_NAME_LOOKUP_ID,DESCRIPTION_LOOKUP_ID)
VALUES(173,149,526,526 );
INSERT INTO ACTIVITY(ACTIVITY_ID,PARENT_ID,ACTIVITY_NAME_LOOKUP_ID,DESCRIPTION_LOOKUP_ID)
VALUES(174,149,527,527 );
INSERT INTO ACTIVITY(ACTIVITY_ID,PARENT_ID,ACTIVITY_NAME_LOOKUP_ID,DESCRIPTION_LOOKUP_ID)
VALUES(175,149,528,528 );



INSERT INTO ACTIVITY(ACTIVITY_ID,PARENT_ID,ACTIVITY_NAME_LOOKUP_ID,DESCRIPTION_LOOKUP_ID)
VALUES(176,150,529,529 );
INSERT INTO ACTIVITY(ACTIVITY_ID,PARENT_ID,ACTIVITY_NAME_LOOKUP_ID,DESCRIPTION_LOOKUP_ID)
VALUES(177,151,530,530 );
INSERT INTO ACTIVITY(ACTIVITY_ID,PARENT_ID,ACTIVITY_NAME_LOOKUP_ID,DESCRIPTION_LOOKUP_ID)
VALUES(178,113,531,531 );
INSERT INTO ACTIVITY(ACTIVITY_ID,PARENT_ID,ACTIVITY_NAME_LOOKUP_ID,DESCRIPTION_LOOKUP_ID)
VALUES(179,100,532,532 );


/* remaning saving states mappings */
INSERT INTO ACTIVITY(ACTIVITY_ID,PARENT_ID,ACTIVITY_NAME_LOOKUP_ID,DESCRIPTION_LOOKUP_ID)
VALUES(180,136,533,533 );
INSERT INTO ACTIVITY(ACTIVITY_ID,PARENT_ID,ACTIVITY_NAME_LOOKUP_ID,DESCRIPTION_LOOKUP_ID)
VALUES(181,136,534,534 );
INSERT INTO ACTIVITY(ACTIVITY_ID,PARENT_ID,ACTIVITY_NAME_LOOKUP_ID,DESCRIPTION_LOOKUP_ID)
VALUES(182,136,535,535 );
INSERT INTO ACTIVITY(ACTIVITY_ID,PARENT_ID,ACTIVITY_NAME_LOOKUP_ID,DESCRIPTION_LOOKUP_ID)
VALUES(183,136,536,536 );
INSERT INTO ACTIVITY(ACTIVITY_ID,PARENT_ID,ACTIVITY_NAME_LOOKUP_ID,DESCRIPTION_LOOKUP_ID)
VALUES(184,136,537,537 );
INSERT INTO ACTIVITY(ACTIVITY_ID,PARENT_ID,ACTIVITY_NAME_LOOKUP_ID,DESCRIPTION_LOOKUP_ID)
VALUES(185,136,538,538 );
INSERT INTO ACTIVITY(ACTIVITY_ID,PARENT_ID,ACTIVITY_NAME_LOOKUP_ID,DESCRIPTION_LOOKUP_ID)
VALUES(186,136,546,546 );
INSERT INTO ACTIVITY(ACTIVITY_ID,PARENT_ID,ACTIVITY_NAME_LOOKUP_ID,DESCRIPTION_LOOKUP_ID)
VALUES(187,136,551,551 );
INSERT INTO ACTIVITY(ACTIVITY_ID,PARENT_ID,ACTIVITY_NAME_LOOKUP_ID,DESCRIPTION_LOOKUP_ID)
VALUES(188,136,552,552 );
INSERT INTO ACTIVITY(ACTIVITY_ID,PARENT_ID,ACTIVITY_NAME_LOOKUP_ID,DESCRIPTION_LOOKUP_ID)
VALUES(189,113,553,553 );
INSERT INTO ACTIVITY(ACTIVITY_ID,PARENT_ID,ACTIVITY_NAME_LOOKUP_ID,DESCRIPTION_LOOKUP_ID)
VALUES(190,136,554,554 );
INSERT INTO ACTIVITY(ACTIVITY_ID,PARENT_ID,ACTIVITY_NAME_LOOKUP_ID,DESCRIPTION_LOOKUP_ID) 
VALUES(191,136,555,555 );
INSERT INTO ACTIVITY(ACTIVITY_ID,PARENT_ID,ACTIVITY_NAME_LOOKUP_ID,DESCRIPTION_LOOKUP_ID)
VALUES(193,13,562,562 );
INSERT INTO ACTIVITY(ACTIVITY_ID,PARENT_ID,ACTIVITY_NAME_LOOKUP_ID,DESCRIPTION_LOOKUP_ID)
VALUES(194,18,563,563 );
INSERT INTO ACTIVITY(ACTIVITY_ID,PARENT_ID,ACTIVITY_NAME_LOOKUP_ID,DESCRIPTION_LOOKUP_ID)
VALUES(195,90,561,561);
INSERT INTO ACTIVITY(ACTIVITY_ID,PARENT_ID,ACTIVITY_NAME_LOOKUP_ID,DESCRIPTION_LOOKUP_ID)
VALUES(196,null,564,564 );
INSERT INTO ACTIVITY(ACTIVITY_ID,PARENT_ID,ACTIVITY_NAME_LOOKUP_ID,DESCRIPTION_LOOKUP_ID)
VALUES(192,196,560,560 );
INSERT INTO ACTIVITY(ACTIVITY_ID,PARENT_ID,ACTIVITY_NAME_LOOKUP_ID,DESCRIPTION_LOOKUP_ID)
VALUES(197,196,565,565 );
INSERT INTO ACTIVITY(ACTIVITY_ID,PARENT_ID,ACTIVITY_NAME_LOOKUP_ID,DESCRIPTION_LOOKUP_ID)
VALUES(198,34,566,566 );
INSERT INTO ACTIVITY(ACTIVITY_ID,PARENT_ID,ACTIVITY_NAME_LOOKUP_ID,DESCRIPTION_LOOKUP_ID)
VALUES(199,56,567,567 );
INSERT INTO ACTIVITY(ACTIVITY_ID,PARENT_ID,ACTIVITY_NAME_LOOKUP_ID,DESCRIPTION_LOOKUP_ID)
VALUES(200,78,568,568 );
INSERT INTO ACTIVITY(ACTIVITY_ID,PARENT_ID,ACTIVITY_NAME_LOOKUP_ID,DESCRIPTION_LOOKUP_ID) 
VALUES(201,196,569,569);


/* The table Role will contain the default admin role required for the MFI - System */
INSERT INTO ROLE(ROLE_ID,ROLE_NAME,VERSION_NO,CREATED_BY,CREATED_DATE,
UPDATED_BY,UPDATED_DATE)
VALUES(1,'Admin',1,NULL,NULL,NULL,NULL);

/* The table Role Activity will contain the mapping between the role created for the mfi admin against the activities he can perform which could typically be all - System */
INSERT INTO ROLES_ACTIVITY(ACTIVITY_ID,ROLE_ID)
VALUES(3,1);
INSERT INTO ROLES_ACTIVITY(ACTIVITY_ID,ROLE_ID)
VALUES(4,1);
INSERT INTO ROLES_ACTIVITY(ACTIVITY_ID,ROLE_ID)
VALUES(6,1);
INSERT INTO ROLES_ACTIVITY(ACTIVITY_ID,ROLE_ID)
VALUES(7,1);
INSERT INTO ROLES_ACTIVITY(ACTIVITY_ID,ROLE_ID)
VALUES(9,1);
INSERT INTO ROLES_ACTIVITY(ACTIVITY_ID,ROLE_ID)
VALUES(10,1);

INSERT INTO ROLES_ACTIVITY(ACTIVITY_ID,ROLE_ID)
VALUES(15,1);
INSERT INTO ROLES_ACTIVITY(ACTIVITY_ID,ROLE_ID)
VALUES(16,1);
INSERT INTO ROLES_ACTIVITY(ACTIVITY_ID,ROLE_ID)
VALUES(19,1);
INSERT INTO ROLES_ACTIVITY(ACTIVITY_ID,ROLE_ID)
VALUES(20,1);
INSERT INTO ROLES_ACTIVITY(ACTIVITY_ID,ROLE_ID)
VALUES(21,1);
INSERT INTO ROLES_ACTIVITY(ACTIVITY_ID,ROLE_ID)
VALUES(23,1);
INSERT INTO ROLES_ACTIVITY(ACTIVITY_ID,ROLE_ID)
VALUES(24,1);
INSERT INTO ROLES_ACTIVITY(ACTIVITY_ID,ROLE_ID)
VALUES(25,1);

INSERT INTO ROLES_ACTIVITY(ACTIVITY_ID,ROLE_ID)
VALUES(35,1);
INSERT INTO ROLES_ACTIVITY(ACTIVITY_ID,ROLE_ID)
VALUES(36,1);
INSERT INTO ROLES_ACTIVITY(ACTIVITY_ID,ROLE_ID)
VALUES(37,1);
INSERT INTO ROLES_ACTIVITY(ACTIVITY_ID,ROLE_ID)
VALUES(38,1);
INSERT INTO ROLES_ACTIVITY(ACTIVITY_ID,ROLE_ID)
VALUES(39,1);
INSERT INTO ROLES_ACTIVITY(ACTIVITY_ID,ROLE_ID)
VALUES(40,1);
INSERT INTO ROLES_ACTIVITY(ACTIVITY_ID,ROLE_ID)
VALUES(41,1);
INSERT INTO ROLES_ACTIVITY(ACTIVITY_ID,ROLE_ID)
VALUES(42,1);
INSERT INTO ROLES_ACTIVITY(ACTIVITY_ID,ROLE_ID)
VALUES(43,1);
INSERT INTO ROLES_ACTIVITY(ACTIVITY_ID,ROLE_ID)
VALUES(44,1);
INSERT INTO ROLES_ACTIVITY(ACTIVITY_ID,ROLE_ID)
VALUES(46,1);
INSERT INTO ROLES_ACTIVITY(ACTIVITY_ID,ROLE_ID)
VALUES(47,1);
INSERT INTO ROLES_ACTIVITY(ACTIVITY_ID,ROLE_ID)
VALUES(48,1);
INSERT INTO ROLES_ACTIVITY(ACTIVITY_ID,ROLE_ID)
VALUES(49,1);
INSERT INTO ROLES_ACTIVITY(ACTIVITY_ID,ROLE_ID)
VALUES(50,1);
INSERT INTO ROLES_ACTIVITY(ACTIVITY_ID,ROLE_ID)
VALUES(51,1);
INSERT INTO ROLES_ACTIVITY(ACTIVITY_ID,ROLE_ID)
VALUES(52,1);
INSERT INTO ROLES_ACTIVITY(ACTIVITY_ID,ROLE_ID)
VALUES(53,1);
INSERT INTO ROLES_ACTIVITY(ACTIVITY_ID,ROLE_ID)
VALUES(54,1);
INSERT INTO ROLES_ACTIVITY(ACTIVITY_ID,ROLE_ID)
VALUES(55,1);
INSERT INTO ROLES_ACTIVITY(ACTIVITY_ID,ROLE_ID)
VALUES(57,1);
INSERT INTO ROLES_ACTIVITY(ACTIVITY_ID,ROLE_ID)
VALUES(58,1);
INSERT INTO ROLES_ACTIVITY(ACTIVITY_ID,ROLE_ID)
VALUES(59,1);
INSERT INTO ROLES_ACTIVITY(ACTIVITY_ID,ROLE_ID)
VALUES(60,1);
INSERT INTO ROLES_ACTIVITY(ACTIVITY_ID,ROLE_ID)
VALUES(61,1);
INSERT INTO ROLES_ACTIVITY(ACTIVITY_ID,ROLE_ID)
VALUES(62,1);
INSERT INTO ROLES_ACTIVITY(ACTIVITY_ID,ROLE_ID)
VALUES(63,1);
INSERT INTO ROLES_ACTIVITY(ACTIVITY_ID,ROLE_ID)
VALUES(64,1);
INSERT INTO ROLES_ACTIVITY(ACTIVITY_ID,ROLE_ID)
VALUES(65,1);
INSERT INTO ROLES_ACTIVITY(ACTIVITY_ID,ROLE_ID)
VALUES(66,1);
INSERT INTO ROLES_ACTIVITY(ACTIVITY_ID,ROLE_ID)
VALUES(68,1);
INSERT INTO ROLES_ACTIVITY(ACTIVITY_ID,ROLE_ID)
VALUES(69,1);
INSERT INTO ROLES_ACTIVITY(ACTIVITY_ID,ROLE_ID)
VALUES(70,1);
INSERT INTO ROLES_ACTIVITY(ACTIVITY_ID,ROLE_ID)
VALUES(71,1);
INSERT INTO ROLES_ACTIVITY(ACTIVITY_ID,ROLE_ID)
VALUES(72,1);
INSERT INTO ROLES_ACTIVITY(ACTIVITY_ID,ROLE_ID)
VALUES(73,1);
INSERT INTO ROLES_ACTIVITY(ACTIVITY_ID,ROLE_ID)
VALUES(74,1);
INSERT INTO ROLES_ACTIVITY(ACTIVITY_ID,ROLE_ID)
VALUES(75,1);
INSERT INTO ROLES_ACTIVITY(ACTIVITY_ID,ROLE_ID)
VALUES(76,1);
INSERT INTO ROLES_ACTIVITY(ACTIVITY_ID,ROLE_ID)
VALUES(77,1);
INSERT INTO ROLES_ACTIVITY(ACTIVITY_ID,ROLE_ID)
VALUES(79,1);
INSERT INTO ROLES_ACTIVITY(ACTIVITY_ID,ROLE_ID)
VALUES(80,1);
INSERT INTO ROLES_ACTIVITY(ACTIVITY_ID,ROLE_ID)
VALUES(81,1);
INSERT INTO ROLES_ACTIVITY(ACTIVITY_ID,ROLE_ID)
VALUES(82,1);
INSERT INTO ROLES_ACTIVITY(ACTIVITY_ID,ROLE_ID)
VALUES(83,1);
INSERT INTO ROLES_ACTIVITY(ACTIVITY_ID,ROLE_ID)
VALUES(85,1);
INSERT INTO ROLES_ACTIVITY(ACTIVITY_ID,ROLE_ID)
VALUES(86,1);
INSERT INTO ROLES_ACTIVITY(ACTIVITY_ID,ROLE_ID)
VALUES(87,1);
INSERT INTO ROLES_ACTIVITY(ACTIVITY_ID,ROLE_ID)
VALUES(88,1);
INSERT INTO ROLES_ACTIVITY(ACTIVITY_ID,ROLE_ID)
VALUES(91,1);
INSERT INTO ROLES_ACTIVITY(ACTIVITY_ID,ROLE_ID)
VALUES(92,1);
INSERT INTO ROLES_ACTIVITY(ACTIVITY_ID,ROLE_ID)
VALUES(94,1);
INSERT INTO ROLES_ACTIVITY(ACTIVITY_ID,ROLE_ID)
VALUES(95,1);
INSERT INTO ROLES_ACTIVITY(ACTIVITY_ID,ROLE_ID)
VALUES(97,1);
INSERT INTO ROLES_ACTIVITY(ACTIVITY_ID,ROLE_ID)
VALUES(98,1);
INSERT INTO ROLES_ACTIVITY(ACTIVITY_ID,ROLE_ID)
VALUES(101,1);
INSERT INTO ROLES_ACTIVITY(ACTIVITY_ID,ROLE_ID)
VALUES(102,1);
INSERT INTO ROLES_ACTIVITY(ACTIVITY_ID,ROLE_ID)
VALUES(103,1);
INSERT INTO ROLES_ACTIVITY(ACTIVITY_ID,ROLE_ID)
VALUES(104,1);
INSERT INTO ROLES_ACTIVITY(ACTIVITY_ID,ROLE_ID)
VALUES(105,1);
INSERT INTO ROLES_ACTIVITY(ACTIVITY_ID,ROLE_ID)
VALUES(106,1);
INSERT INTO ROLES_ACTIVITY(ACTIVITY_ID,ROLE_ID)
VALUES(108,1);
INSERT INTO ROLES_ACTIVITY(ACTIVITY_ID,ROLE_ID)
VALUES(109,1);
INSERT INTO ROLES_ACTIVITY(ACTIVITY_ID,ROLE_ID)
VALUES(110,1);
INSERT INTO ROLES_ACTIVITY(ACTIVITY_ID,ROLE_ID)
VALUES(115,1);
INSERT INTO ROLES_ACTIVITY(ACTIVITY_ID,ROLE_ID)
VALUES(116,1);
INSERT INTO ROLES_ACTIVITY(ACTIVITY_ID,ROLE_ID)
VALUES (118,1);
INSERT INTO ROLES_ACTIVITY(ACTIVITY_ID,ROLE_ID)
VALUES(119,1);
INSERT INTO ROLES_ACTIVITY(ACTIVITY_ID,ROLE_ID)
VALUES(120,1);
INSERT INTO ROLES_ACTIVITY(ACTIVITY_ID,ROLE_ID) VALUES(121,1);
INSERT INTO ROLES_ACTIVITY(ACTIVITY_ID,ROLE_ID)VALUES(122,1);
/*INSERT INTO ROLES_ACTIVITY(ACTIVITY_ID,ROLE_ID)VALUES(123,1);*/
/*INSERT INTO ROLES_ACTIVITY(ACTIVITY_ID,ROLE_ID)VALUES(124,1);*/
/* INSERT INTO ROLES_ACTIVITY(ACTIVITY_ID,ROLE_ID)VALUES(125,1);*/
INSERT INTO ROLES_ACTIVITY(ACTIVITY_ID,ROLE_ID)
VALUES(126,1);
INSERT INTO ROLES_ACTIVITY(ACTIVITY_ID,ROLE_ID) VALUES(127,1); 
INSERT INTO ROLES_ACTIVITY(ACTIVITY_ID,ROLE_ID)VALUES(128,1);
INSERT INTO ROLES_ACTIVITY(ACTIVITY_ID,ROLE_ID)
VALUES(129,1);
/* INSERT INTO ROLES_ACTIVITY(ACTIVITY_ID,ROLE_ID)VALUES(130,1); */
INSERT INTO ROLES_ACTIVITY(ACTIVITY_ID,ROLE_ID)
VALUES(131,1);
/*INSERT INTO ROLES_ACTIVITY(ACTIVITY_ID,ROLE_ID) VALUES(133,1);*/
/*INSERT INTO ROLES_ACTIVITY(ACTIVITY_ID,ROLE_ID)VALUES(134,1);*/
INSERT INTO ROLES_ACTIVITY(ACTIVITY_ID,ROLE_ID)
VALUES(135,1);
INSERT INTO ROLES_ACTIVITY(ACTIVITY_ID,ROLE_ID)
VALUES(136,1);
INSERT INTO ROLES_ACTIVITY(ACTIVITY_ID,ROLE_ID)
VALUES(137,1);
INSERT INTO ROLES_ACTIVITY(ACTIVITY_ID,ROLE_ID)
VALUES(138,1);
INSERT INTO ROLES_ACTIVITY(ACTIVITY_ID,ROLE_ID)
VALUES(139,1);
INSERT INTO ROLES_ACTIVITY(ACTIVITY_ID,ROLE_ID)
VALUES(140,1);

INSERT INTO ROLES_ACTIVITY(ACTIVITY_ID,ROLE_ID)
VALUES(141,1);
INSERT INTO ROLES_ACTIVITY(ACTIVITY_ID,ROLE_ID)
VALUES(142,1);
INSERT INTO ROLES_ACTIVITY(ACTIVITY_ID,ROLE_ID)
VALUES(143,1);
INSERT INTO ROLES_ACTIVITY(ACTIVITY_ID,ROLE_ID)
VALUES(144,1);
INSERT INTO ROLES_ACTIVITY(ACTIVITY_ID,ROLE_ID)
VALUES(145,1);
INSERT INTO ROLES_ACTIVITY(ACTIVITY_ID,ROLE_ID)
VALUES(146,1);
INSERT INTO ROLES_ACTIVITY(ACTIVITY_ID,ROLE_ID)
VALUES(147,1);
INSERT INTO ROLES_ACTIVITY(ACTIVITY_ID,ROLE_ID)
VALUES(148,1);
INSERT INTO ROLES_ACTIVITY(ACTIVITY_ID,ROLE_ID)
VALUES(149,1);
INSERT INTO ROLES_ACTIVITY(ACTIVITY_ID,ROLE_ID)
VALUES(150,1);
INSERT INTO ROLES_ACTIVITY(ACTIVITY_ID,ROLE_ID)
VALUES(151,1);
INSERT INTO ROLES_ACTIVITY(ACTIVITY_ID,ROLE_ID)
VALUES(152,1);
INSERT INTO ROLES_ACTIVITY(ACTIVITY_ID,ROLE_ID)
VALUES(153,1);
INSERT INTO ROLES_ACTIVITY(ACTIVITY_ID,ROLE_ID)
VALUES(154,1);
INSERT INTO ROLES_ACTIVITY(ACTIVITY_ID,ROLE_ID)
VALUES(155,1);
INSERT INTO ROLES_ACTIVITY(ACTIVITY_ID,ROLE_ID)
VALUES(156,1);
INSERT INTO ROLES_ACTIVITY(ACTIVITY_ID,ROLE_ID)
VALUES(157,1);
INSERT INTO ROLES_ACTIVITY(ACTIVITY_ID,ROLE_ID)
VALUES(158,1);
INSERT INTO ROLES_ACTIVITY(ACTIVITY_ID,ROLE_ID)
VALUES(159,1);
INSERT INTO ROLES_ACTIVITY(ACTIVITY_ID,ROLE_ID)
VALUES(160,1);
INSERT INTO ROLES_ACTIVITY(ACTIVITY_ID,ROLE_ID)
VALUES(161,1);
INSERT INTO ROLES_ACTIVITY(ACTIVITY_ID,ROLE_ID)
VALUES(162,1);
INSERT INTO ROLES_ACTIVITY(ACTIVITY_ID,ROLE_ID)
VALUES(163,1);
INSERT INTO ROLES_ACTIVITY(ACTIVITY_ID,ROLE_ID)
VALUES(164,1);
INSERT INTO ROLES_ACTIVITY(ACTIVITY_ID,ROLE_ID)
VALUES(165,1);
INSERT INTO ROLES_ACTIVITY(ACTIVITY_ID,ROLE_ID)
VALUES(166,1);
INSERT INTO ROLES_ACTIVITY(ACTIVITY_ID,ROLE_ID)
VALUES(167,1);
INSERT INTO ROLES_ACTIVITY(ACTIVITY_ID,ROLE_ID)
VALUES(168,1);
INSERT INTO ROLES_ACTIVITY(ACTIVITY_ID,ROLE_ID)
VALUES(169,1);
INSERT INTO ROLES_ACTIVITY(ACTIVITY_ID,ROLE_ID)
VALUES(170,1);
INSERT INTO ROLES_ACTIVITY(ACTIVITY_ID,ROLE_ID)
VALUES(171,1);
INSERT INTO ROLES_ACTIVITY(ACTIVITY_ID,ROLE_ID)
VALUES(172,1);
INSERT INTO ROLES_ACTIVITY(ACTIVITY_ID,ROLE_ID)
VALUES(173,1);
INSERT INTO ROLES_ACTIVITY(ACTIVITY_ID,ROLE_ID)
VALUES(174,1);
INSERT INTO ROLES_ACTIVITY(ACTIVITY_ID,ROLE_ID)
VALUES(175,1);
INSERT INTO ROLES_ACTIVITY(ACTIVITY_ID,ROLE_ID)
VALUES(176,1);
INSERT INTO ROLES_ACTIVITY(ACTIVITY_ID,ROLE_ID)
VALUES(177,1);
INSERT INTO ROLES_ACTIVITY(ACTIVITY_ID,ROLE_ID)
VALUES(178,1);
INSERT INTO ROLES_ACTIVITY(ACTIVITY_ID,ROLE_ID)
VALUES(179,1);
INSERT INTO ROLES_ACTIVITY(ACTIVITY_ID,ROLE_ID)
VALUES(180,1);
INSERT INTO ROLES_ACTIVITY(ACTIVITY_ID,ROLE_ID)
VALUES(181,1);
INSERT INTO ROLES_ACTIVITY(ACTIVITY_ID,ROLE_ID)
VALUES(182,1);
INSERT INTO ROLES_ACTIVITY(ACTIVITY_ID,ROLE_ID)
VALUES(183,1);
INSERT INTO ROLES_ACTIVITY(ACTIVITY_ID,ROLE_ID)
VALUES(184,1);
INSERT INTO ROLES_ACTIVITY(ACTIVITY_ID,ROLE_ID)
VALUES(185,1);
INSERT INTO ROLES_ACTIVITY(ACTIVITY_ID,ROLE_ID)
VALUES(186,1);
INSERT INTO ROLES_ACTIVITY(ACTIVITY_ID,ROLE_ID)
VALUES(187,1);
INSERT INTO ROLES_ACTIVITY(ACTIVITY_ID,ROLE_ID)
VALUES(188,1);
INSERT INTO ROLES_ACTIVITY(ACTIVITY_ID,ROLE_ID)
VALUES(189,1);
INSERT INTO ROLES_ACTIVITY(ACTIVITY_ID,ROLE_ID)
VALUES(190,1);
INSERT INTO ROLES_ACTIVITY(ACTIVITY_ID,ROLE_ID) 
VALUES(191,1);
INSERT INTO ROLES_ACTIVITY(ACTIVITY_ID,ROLE_ID) 
VALUES(192,1);
INSERT INTO ROLES_ACTIVITY(ACTIVITY_ID,ROLE_ID)
VALUES (193,1);
INSERT INTO ROLES_ACTIVITY(ACTIVITY_ID,ROLE_ID)
VALUES (194,1);
INSERT INTO ROLES_ACTIVITY(ACTIVITY_ID,ROLE_ID)
VALUES (195,1);
INSERT INTO ROLES_ACTIVITY(ACTIVITY_ID,ROLE_ID)
VALUES (197,1);
INSERT INTO ROLES_ACTIVITY(ACTIVITY_ID,ROLE_ID)
VALUES (198,1);
INSERT INTO ROLES_ACTIVITY(ACTIVITY_ID,ROLE_ID)
VALUES (199,1);
INSERT INTO ROLES_ACTIVITY(ACTIVITY_ID,ROLE_ID)
VALUES (200,1);
INSERT INTO ROLES_ACTIVITY(ACTIVITY_ID,ROLE_ID) VALUES (201,1);


/* The table WEEK Days contains the week days information like Monday,Tuesday etc used by the system, it also contain the working day attribute against the same which can be configured by the MFI to indicate Monday is an offday - Configuration */
/* Enter 1 into the WORKING_DAY field to indicate that the day is working day; 0 to indicate a non-working day. */
/* Enter 1 into the START_OF_FISCAL_WEEK field to indicate that the day is the start of the fiscal week, and 0 for all other days.  Only one day should be marked as the start of the fiscal week.  This field is used for reporting purposes (ie, the timeperiod for weekly reports will start with the fiscal day) */
/* The look-up values for days of the week are defined above, in LOOKUP_VALUE_LOCALE.   This list below starts with Sunday */
INSERT INTO WEEK_DAYS_MASTER(WEEK_DAYS_MASTER_ID,LOOKUP_ID,WORKING_DAY,START_OF_FISCAL_WEEK)
VALUES(1,72,0,0);
INSERT INTO WEEK_DAYS_MASTER(WEEK_DAYS_MASTER_ID,LOOKUP_ID,WORKING_DAY,START_OF_FISCAL_WEEK)
VALUES(2,73,1,1);
INSERT INTO WEEK_DAYS_MASTER(WEEK_DAYS_MASTER_ID,LOOKUP_ID,WORKING_DAY,START_OF_FISCAL_WEEK)
VALUES(3,74,1,0);
INSERT INTO WEEK_DAYS_MASTER(WEEK_DAYS_MASTER_ID,LOOKUP_ID,WORKING_DAY,START_OF_FISCAL_WEEK)
VALUES(4,75,1,0);
INSERT INTO WEEK_DAYS_MASTER(WEEK_DAYS_MASTER_ID,LOOKUP_ID,WORKING_DAY,START_OF_FISCAL_WEEK)
VALUES(5,76,1,0);
INSERT INTO WEEK_DAYS_MASTER(WEEK_DAYS_MASTER_ID,LOOKUP_ID,WORKING_DAY,START_OF_FISCAL_WEEK)
VALUES(6,77,1,0);
INSERT INTO WEEK_DAYS_MASTER(WEEK_DAYS_MASTER_ID,LOOKUP_ID,WORKING_DAY,START_OF_FISCAL_WEEK)
VALUES(7,78,1,0);

/* inserting VALUES in interest_type table*/
/* The table Interest Types contains the different interest types supported by the system like Flat etc - System */
INSERT INTO INTEREST_TYPES (INTEREST_TYPE_ID, LOOKUP_ID, CATEGORY_ID, DESCRIPTON) 
VALUES(1,79,1,'Flat');
INSERT INTO INTEREST_TYPES (INTEREST_TYPE_ID, LOOKUP_ID, CATEGORY_ID, DESCRIPTON)
VALUES(2,80,1,'Declining');

INSERT INTO INTEREST_CALC_RULE (INTEREST_CALC_RULE_ID, LOOKUP_ID) 
VALUES(1,88);
INSERT INTO INTEREST_CALC_RULE (INTEREST_CALC_RULE_ID, LOOKUP_ID) 
VALUES(2,89);

/* Grace period types*/
/* The table GRACE_PERIOD_TYPE contains the different grace types supported by the system like principal only grace,interest only grace etc - System */ 
INSERT INTO GRACE_PERIOD_TYPE (GRACE_PERIOD_TYPE_ID, LOOKUP_ID) 
VALUES(1,96);
INSERT INTO GRACE_PERIOD_TYPE (GRACE_PERIOD_TYPE_ID, LOOKUP_ID) 
VALUES(2,97);
INSERT INTO GRACE_PERIOD_TYPE (GRACE_PERIOD_TYPE_ID, LOOKUP_ID) 
VALUES(3,98);

/* The table Rank Days contains data like first,second,third,fourth,last which will be used in meeting -System */
INSERT INTO RANK_DAYS_MASTER(RANK_DAYS_MASTER_ID,LOOKUP_ID)
VALUES(1,99);
INSERT INTO RANK_DAYS_MASTER(RANK_DAYS_MASTER_ID,LOOKUP_ID)
VALUES(2,100);
INSERT INTO RANK_DAYS_MASTER(RANK_DAYS_MASTER_ID,LOOKUP_ID)
VALUES(3,101);
INSERT INTO RANK_DAYS_MASTER(RANK_DAYS_MASTER_ID,LOOKUP_ID)
VALUES(4,102);
INSERT INTO RANK_DAYS_MASTER(RANK_DAYS_MASTER_ID,LOOKUP_ID)
VALUES(5,103);

/* master data for table collateral_type*/
/* The table COLLATERAL_TYPE contains the collateral types used in the system - System */ 
INSERT INTO COLLATERAL_TYPE (COLLATERAL_TYPE_ID, LOOKUP_ID) 
VALUES(1,109);
INSERT INTO COLLATERAL_TYPE (COLLATERAL_TYPE_ID, LOOKUP_ID) 
VALUES(2,110);


/* master data for table fee_frequency_type*/
/* The table Fee Frequency contains type of fees like periodic, one time - System */
INSERT INTO FEE_FREQUENCY_TYPE(FEE_FREQUENCY_ID,LOOKUP_ID) VALUES(1,558);
INSERT INTO FEE_FREQUENCY_TYPE(FEE_FREQUENCY_ID,LOOKUP_ID) VALUES(2,559);

/*master data for table FIELD_CONFIGURATION */
/* The table Field Configuration will contain the MFI configuration related to fields being mandatory , hidden etc - Configuration */
/* ENTITY_ID is defined in the ENTITY_MASTER table and refers to entities such as client, personnel, groups, etc against which various data field can be marked as hidden and/or mandatory */

/*Middle Name for client and personnel*/
INSERT INTO FIELD_CONFIGURATION(FIELD_CONFIG_ID,FIELD_NAME,ENTITY_ID,MANDATORY_FLAG,HIDDEN_FLAG)
VALUES(1,'MiddleName',1,0,0);
INSERT INTO FIELD_CONFIGURATION(FIELD_CONFIG_ID,FIELD_NAME,ENTITY_ID,MANDATORY_FLAG,HIDDEN_FLAG)
VALUES(2,'MiddleName',17,0,0);
/*Second Last Name for client and personnel*/
INSERT INTO FIELD_CONFIGURATION(FIELD_CONFIG_ID,FIELD_NAME,ENTITY_ID,MANDATORY_FLAG,HIDDEN_FLAG)
VALUES(3,'SecondLastName',1,0,0);
INSERT INTO FIELD_CONFIGURATION(FIELD_CONFIG_ID,FIELD_NAME,ENTITY_ID,MANDATORY_FLAG,HIDDEN_FLAG)
VALUES(4,'SecondLastName',17,0,0);
/*Government id*/
INSERT INTO FIELD_CONFIGURATION(FIELD_CONFIG_ID,FIELD_NAME,ENTITY_ID,MANDATORY_FLAG,HIDDEN_FLAG)
VALUES(5,'GovernmentId',1,0,0);
INSERT INTO FIELD_CONFIGURATION(FIELD_CONFIG_ID,FIELD_NAME,ENTITY_ID,MANDATORY_FLAG,HIDDEN_FLAG)
VALUES(6,'GovernmentId',17,0,0);
/*External id for cleint group center personnel*/
INSERT INTO FIELD_CONFIGURATION(FIELD_CONFIG_ID,FIELD_NAME,ENTITY_ID,MANDATORY_FLAG,HIDDEN_FLAG)
VALUES(7,'ExternalId',1,0,0);
INSERT INTO FIELD_CONFIGURATION(FIELD_CONFIG_ID,FIELD_NAME,ENTITY_ID,MANDATORY_FLAG,HIDDEN_FLAG)
VALUES(8,'ExternalId',12,0,0);
INSERT INTO FIELD_CONFIGURATION(FIELD_CONFIG_ID,FIELD_NAME,ENTITY_ID,MANDATORY_FLAG,HIDDEN_FLAG)
VALUES(9,'ExternalId',20,0,0);
/*Ethnicity, Citizenship, Handicapped, business Activities, Education Level, Photo*/
INSERT INTO FIELD_CONFIGURATION(FIELD_CONFIG_ID,FIELD_NAME,ENTITY_ID,MANDATORY_FLAG,HIDDEN_FLAG)
VALUES(10,'Ethinicity',1,0,0);
INSERT INTO FIELD_CONFIGURATION(FIELD_CONFIG_ID,FIELD_NAME,ENTITY_ID,MANDATORY_FLAG,HIDDEN_FLAG)
VALUES(11,'Citizenship',1,0,0);
INSERT INTO FIELD_CONFIGURATION(FIELD_CONFIG_ID,FIELD_NAME,ENTITY_ID,MANDATORY_FLAG,HIDDEN_FLAG)
VALUES(12,'Handicapped',1,0,0);
INSERT INTO FIELD_CONFIGURATION(FIELD_CONFIG_ID,FIELD_NAME,ENTITY_ID,MANDATORY_FLAG,HIDDEN_FLAG)
VALUES(13,'BusinessActivities',1,0,0);
INSERT INTO FIELD_CONFIGURATION(FIELD_CONFIG_ID,FIELD_NAME,ENTITY_ID,MANDATORY_FLAG,HIDDEN_FLAG)
VALUES(14,'EducationLevel',1,0,0);
INSERT INTO FIELD_CONFIGURATION(FIELD_CONFIG_ID,FIELD_NAME,ENTITY_ID,MANDATORY_FLAG,HIDDEN_FLAG)
VALUES(15,'Photo',1,0,0);
/*SpouseFatharMiddleName for Client*/ 
INSERT INTO FIELD_CONFIGURATION(FIELD_CONFIG_ID,FIELD_NAME,ENTITY_ID,MANDATORY_FLAG,HIDDEN_FLAG)
VALUES(16,'SpouseFatherMiddleName',1,0,0);
/*SpouseFatharSecondLastName for Client*/ 
INSERT INTO FIELD_CONFIGURATION(FIELD_CONFIG_ID,FIELD_NAME,ENTITY_ID,MANDATORY_FLAG,HIDDEN_FLAG)
VALUES(17,'SpouseFatherSecondLastName',1,0,0);
/*Trained and trained date*/
INSERT INTO FIELD_CONFIGURATION(FIELD_CONFIG_ID,FIELD_NAME,ENTITY_ID,MANDATORY_FLAG,HIDDEN_FLAG)
VALUES(18,'Trained',1,0,0);
INSERT INTO FIELD_CONFIGURATION(FIELD_CONFIG_ID,FIELD_NAME,ENTITY_ID,MANDATORY_FLAG,HIDDEN_FLAG)
VALUES(19,'Trained',12,0,0);
INSERT INTO FIELD_CONFIGURATION(FIELD_CONFIG_ID,FIELD_NAME,ENTITY_ID,MANDATORY_FLAG,HIDDEN_FLAG)
VALUES(20,'TrainedDate',1,0,0);
INSERT INTO FIELD_CONFIGURATION(FIELD_CONFIG_ID,FIELD_NAME,ENTITY_ID,MANDATORY_FLAG,HIDDEN_FLAG)
VALUES(21,'TrainedDate',12,0,0);
/*Entire Address for client*/
INSERT INTO FIELD_CONFIGURATION(FIELD_CONFIG_ID,FIELD_NAME,ENTITY_ID,MANDATORY_FLAG,HIDDEN_FLAG)
VALUES(22,'Address',1,0,0);
INSERT INTO FIELD_CONFIGURATION(FIELD_CONFIG_ID,FIELD_NAME,ENTITY_ID,MANDATORY_FLAG,HIDDEN_FLAG)
VALUES(23,'Address',12,0,0);
INSERT INTO FIELD_CONFIGURATION(FIELD_CONFIG_ID,FIELD_NAME,ENTITY_ID,MANDATORY_FLAG,HIDDEN_FLAG)
VALUES(24,'Address',20,0,0);
/**Address 1 for client group and center*/
INSERT INTO FIELD_CONFIGURATION(FIELD_CONFIG_ID,FIELD_NAME,ENTITY_ID,MANDATORY_FLAG,HIDDEN_FLAG,PARENT_FIELD_CONFIG_ID)
VALUES(25,'Address1',1,0,0,22);
INSERT INTO FIELD_CONFIGURATION(FIELD_CONFIG_ID,FIELD_NAME,ENTITY_ID,MANDATORY_FLAG,HIDDEN_FLAG,PARENT_FIELD_CONFIG_ID)
VALUES(26,'Address1',12,0,0,23);
INSERT INTO FIELD_CONFIGURATION(FIELD_CONFIG_ID,FIELD_NAME,ENTITY_ID,MANDATORY_FLAG,HIDDEN_FLAG,PARENT_FIELD_CONFIG_ID)
VALUES(27,'Address1',20,0,0,24);
/**Address 2 for client group and center*/
INSERT INTO FIELD_CONFIGURATION(FIELD_CONFIG_ID,FIELD_NAME,ENTITY_ID,MANDATORY_FLAG,HIDDEN_FLAG,PARENT_FIELD_CONFIG_ID)
VALUES(28,'Address2',1,0,0,22);
INSERT INTO FIELD_CONFIGURATION(FIELD_CONFIG_ID,FIELD_NAME,ENTITY_ID,MANDATORY_FLAG,HIDDEN_FLAG,PARENT_FIELD_CONFIG_ID)
VALUES(29,'Address2',12,0,0,23);
INSERT INTO FIELD_CONFIGURATION(FIELD_CONFIG_ID,FIELD_NAME,ENTITY_ID,MANDATORY_FLAG,HIDDEN_FLAG,PARENT_FIELD_CONFIG_ID)
VALUES(30,'Address2',20,0,0,24);
/**Address 3*/
INSERT INTO FIELD_CONFIGURATION(FIELD_CONFIG_ID,FIELD_NAME,ENTITY_ID,MANDATORY_FLAG,HIDDEN_FLAG,PARENT_FIELD_CONFIG_ID)
VALUES(31,'Address3',1,0,0,22);
INSERT INTO FIELD_CONFIGURATION(FIELD_CONFIG_ID,FIELD_NAME,ENTITY_ID,MANDATORY_FLAG,HIDDEN_FLAG,PARENT_FIELD_CONFIG_ID)
VALUES(32,'Address3',12,0,0,23);
INSERT INTO FIELD_CONFIGURATION(FIELD_CONFIG_ID,FIELD_NAME,ENTITY_ID,MANDATORY_FLAG,HIDDEN_FLAG,PARENT_FIELD_CONFIG_ID)
VALUES(33,'Address3',20,0,0,24);
INSERT INTO FIELD_CONFIGURATION(FIELD_CONFIG_ID,FIELD_NAME,ENTITY_ID,MANDATORY_FLAG,HIDDEN_FLAG)
VALUES(34,'Address3',15,0,0);
INSERT INTO FIELD_CONFIGURATION(FIELD_CONFIG_ID,FIELD_NAME,ENTITY_ID,MANDATORY_FLAG,HIDDEN_FLAG)
VALUES(35,'Address3',17,0,0);
/*City*/
INSERT INTO FIELD_CONFIGURATION(FIELD_CONFIG_ID,FIELD_NAME,ENTITY_ID,MANDATORY_FLAG,HIDDEN_FLAG,PARENT_FIELD_CONFIG_ID)
VALUES(36,'City',1,0,0,22);
INSERT INTO FIELD_CONFIGURATION(FIELD_CONFIG_ID,FIELD_NAME,ENTITY_ID,MANDATORY_FLAG,HIDDEN_FLAG,PARENT_FIELD_CONFIG_ID)
VALUES(37,'City',12,0,0,23);
INSERT INTO FIELD_CONFIGURATION(FIELD_CONFIG_ID,FIELD_NAME,ENTITY_ID,MANDATORY_FLAG,HIDDEN_FLAG,PARENT_FIELD_CONFIG_ID)
VALUES(38,'City',20,0,0,24);
/*State*/
INSERT INTO FIELD_CONFIGURATION(FIELD_CONFIG_ID,FIELD_NAME,ENTITY_ID,MANDATORY_FLAG,HIDDEN_FLAG,PARENT_FIELD_CONFIG_ID)
VALUES(39,'State',1,0,0,22);
INSERT INTO FIELD_CONFIGURATION(FIELD_CONFIG_ID,FIELD_NAME,ENTITY_ID,MANDATORY_FLAG,HIDDEN_FLAG,PARENT_FIELD_CONFIG_ID)
VALUES(40,'State',12,0,0,23);
INSERT INTO FIELD_CONFIGURATION(FIELD_CONFIG_ID,FIELD_NAME,ENTITY_ID,MANDATORY_FLAG,HIDDEN_FLAG,PARENT_FIELD_CONFIG_ID)
VALUES(41,'State',20,0,0,24);
INSERT INTO FIELD_CONFIGURATION(FIELD_CONFIG_ID,FIELD_NAME,ENTITY_ID,MANDATORY_FLAG,HIDDEN_FLAG)
VALUES(42,'State',15,0,0);
INSERT INTO FIELD_CONFIGURATION(FIELD_CONFIG_ID,FIELD_NAME,ENTITY_ID,MANDATORY_FLAG,HIDDEN_FLAG)
VALUES(43,'State',17,0,0);
/*Country*/
INSERT INTO FIELD_CONFIGURATION(FIELD_CONFIG_ID,FIELD_NAME,ENTITY_ID,MANDATORY_FLAG,HIDDEN_FLAG,PARENT_FIELD_CONFIG_ID)
VALUES(44,'Country',1,0,0,22);
INSERT INTO FIELD_CONFIGURATION(FIELD_CONFIG_ID,FIELD_NAME,ENTITY_ID,MANDATORY_FLAG,HIDDEN_FLAG,PARENT_FIELD_CONFIG_ID)
VALUES(45,'Country',12,0,0,23);
INSERT INTO FIELD_CONFIGURATION(FIELD_CONFIG_ID,FIELD_NAME,ENTITY_ID,MANDATORY_FLAG,HIDDEN_FLAG,PARENT_FIELD_CONFIG_ID)
VALUES(46,'Country',20,0,0,24);
INSERT INTO FIELD_CONFIGURATION(FIELD_CONFIG_ID,FIELD_NAME,ENTITY_ID,MANDATORY_FLAG,HIDDEN_FLAG)
VALUES(47,'Country',15,0,0);
INSERT INTO FIELD_CONFIGURATION(FIELD_CONFIG_ID,FIELD_NAME,ENTITY_ID,MANDATORY_FLAG,HIDDEN_FLAG)
VALUES(48,'Country',17,0,0);
/*Postal Code*/
INSERT INTO FIELD_CONFIGURATION(FIELD_CONFIG_ID,FIELD_NAME,ENTITY_ID,MANDATORY_FLAG,HIDDEN_FLAG,PARENT_FIELD_CONFIG_ID)
VALUES(49,'PostalCode',1,0,0,22);
INSERT INTO FIELD_CONFIGURATION(FIELD_CONFIG_ID,FIELD_NAME,ENTITY_ID,MANDATORY_FLAG,HIDDEN_FLAG,PARENT_FIELD_CONFIG_ID)
VALUES(50,'PostalCode',12,0,0,23);
INSERT INTO FIELD_CONFIGURATION(FIELD_CONFIG_ID,FIELD_NAME,ENTITY_ID,MANDATORY_FLAG,HIDDEN_FLAG,PARENT_FIELD_CONFIG_ID)
VALUES(51,'PostalCode',20,0,0,24);
INSERT INTO FIELD_CONFIGURATION(FIELD_CONFIG_ID,FIELD_NAME,ENTITY_ID,MANDATORY_FLAG,HIDDEN_FLAG)
VALUES(52,'PostalCode',15,0,0);
INSERT INTO FIELD_CONFIGURATION(FIELD_CONFIG_ID,FIELD_NAME,ENTITY_ID,MANDATORY_FLAG,HIDDEN_FLAG)
VALUES(53,'PostalCode',17,0,0);
/**Phone number*/
INSERT INTO FIELD_CONFIGURATION(FIELD_CONFIG_ID,FIELD_NAME,ENTITY_ID,MANDATORY_FLAG,HIDDEN_FLAG)
VALUES(54,'PhoneNumber',1,0,0);
INSERT INTO FIELD_CONFIGURATION(FIELD_CONFIG_ID,FIELD_NAME,ENTITY_ID,MANDATORY_FLAG,HIDDEN_FLAG)
VALUES(55,'PhoneNumber',12,0,0);
INSERT INTO FIELD_CONFIGURATION(FIELD_CONFIG_ID,FIELD_NAME,ENTITY_ID,MANDATORY_FLAG,HIDDEN_FLAG)
VALUES(56,'PhoneNumber',20,0,0);
INSERT INTO FIELD_CONFIGURATION(FIELD_CONFIG_ID,FIELD_NAME,ENTITY_ID,MANDATORY_FLAG,HIDDEN_FLAG)
VALUES(57,'PhoneNumber',17,0,0);
/*Purpose Of Loan*/
INSERT INTO FIELD_CONFIGURATION(FIELD_CONFIG_ID,FIELD_NAME,ENTITY_ID,MANDATORY_FLAG,HIDDEN_FLAG)
VALUES(58,'PurposeOfLoan',22,0,0);
/*Collateral Type and Notes For Loan*/
INSERT INTO FIELD_CONFIGURATION(FIELD_CONFIG_ID,FIELD_NAME,ENTITY_ID,MANDATORY_FLAG,HIDDEN_FLAG)
VALUES(59,'CollateralType',22,0,0);
INSERT INTO FIELD_CONFIGURATION(FIELD_CONFIG_ID,FIELD_NAME,ENTITY_ID,MANDATORY_FLAG,HIDDEN_FLAG)
VALUES(60,'CollateralNotes',22,0,0);
/*Receipt id and date*/
INSERT INTO FIELD_CONFIGURATION(FIELD_CONFIG_ID,FIELD_NAME,ENTITY_ID,MANDATORY_FLAG,HIDDEN_FLAG)
VALUES(61,'ReceiptId',1,0,0);
INSERT INTO FIELD_CONFIGURATION(FIELD_CONFIG_ID,FIELD_NAME,ENTITY_ID,MANDATORY_FLAG,HIDDEN_FLAG)
VALUES(62,'ReceiptId',12,0,0);
INSERT INTO FIELD_CONFIGURATION(FIELD_CONFIG_ID,FIELD_NAME,ENTITY_ID,MANDATORY_FLAG,HIDDEN_FLAG)
VALUES(63,'ReceiptId',20,0,0);
INSERT INTO FIELD_CONFIGURATION(FIELD_CONFIG_ID,FIELD_NAME,ENTITY_ID,MANDATORY_FLAG,HIDDEN_FLAG)
VALUES(64,'ReceiptId',21,0,0);
INSERT INTO FIELD_CONFIGURATION(FIELD_CONFIG_ID,FIELD_NAME,ENTITY_ID,MANDATORY_FLAG,HIDDEN_FLAG)
VALUES(65,'ReceiptId',22,0,0);
INSERT INTO FIELD_CONFIGURATION(FIELD_CONFIG_ID,FIELD_NAME,ENTITY_ID,MANDATORY_FLAG,HIDDEN_FLAG)
VALUES(66,'ReceiptId',23,0,0);
INSERT INTO FIELD_CONFIGURATION(FIELD_CONFIG_ID,FIELD_NAME,ENTITY_ID,MANDATORY_FLAG,HIDDEN_FLAG)
VALUES(67,'ReceiptDate',1,0,0);
INSERT INTO FIELD_CONFIGURATION(FIELD_CONFIG_ID,FIELD_NAME,ENTITY_ID,MANDATORY_FLAG,HIDDEN_FLAG)
VALUES(68,'ReceiptDate',12,0,0);
INSERT INTO FIELD_CONFIGURATION(FIELD_CONFIG_ID,FIELD_NAME,ENTITY_ID,MANDATORY_FLAG,HIDDEN_FLAG)
VALUES(69,'ReceiptDate',20,0,0);
INSERT INTO FIELD_CONFIGURATION(FIELD_CONFIG_ID,FIELD_NAME,ENTITY_ID,MANDATORY_FLAG,HIDDEN_FLAG)
VALUES(70,'ReceiptDate',21,0,0);
INSERT INTO FIELD_CONFIGURATION(FIELD_CONFIG_ID,FIELD_NAME,ENTITY_ID,MANDATORY_FLAG,HIDDEN_FLAG)
VALUES(71,'ReceiptDate',22,0,0);
INSERT INTO FIELD_CONFIGURATION(FIELD_CONFIG_ID,FIELD_NAME,ENTITY_ID,MANDATORY_FLAG,HIDDEN_FLAG)
VALUES(72,'ReceiptDate',23,0,0);
INSERT INTO FIELD_CONFIGURATION(FIELD_CONFIG_ID,FIELD_NAME,ENTITY_ID,MANDATORY_FLAG,HIDDEN_FLAG)
VALUES(73,'PovertyStatus',1,1,0);



/*Master data for table SYSTEM_CONFIGURATION */
/* The table System Configuration will contain the different configuration 
items required for MFI like CENTER_HIERARCHY_EXIST,GROUP_CAN_APPLY_LOANS 
etc - Configuration */
INSERT INTO SYSTEM_CONFIGURATION(OFFICE_ID,SCHEDULE_MEETING_ON_HOLIDAY,DAYS_FOR_CAL_DEFINITION,NAME_SEQUENCE,BACK_DATED_TXN_ALLOWED,CENTER_HIERARCHY_EXIST,GROUP_CAN_APPLY_LOANS,CLIENT_CAN_EXIST_OUTSIDE_GROUP,NO_OF_INTEREST_DAYS)
VALUES(1,'same_day',30,'first_name,middle_name,last_name,second_last_name',1,1,1,1,365);

/* The table CONFIG_KEY_VALUE_INTEGER holds generic key-value pair configuration data for integer values */
INSERT INTO CONFIG_KEY_VALUE_INTEGER(CONFIGURATION_KEY, CONFIGURATION_VALUE) VALUES ('CollectionSheetHelper.daysInAdvance',1);
INSERT INTO CONFIG_KEY_VALUE_INTEGER(CONFIGURATION_KEY, CONFIGURATION_VALUE) VALUES ('sessionTimeout',60);

/*Added Table Personnel_Role */
/* The table Personnel role will contain the role associated to the Admin user of the MFI - Configuration */
INSERT INTO PERSONNEL_ROLE(PERSONNEL_ROLE_ID, ROLE_ID, PERSONNEL_ID)VALUES(1,1,1);


/*Added for financials*/
/* The table GLCODE will contain the different glcodes supported by the MFI, used in financial transactions - Configuration */
INSERT INTO GL_CODE(GLCODE_ID,GLCODE_VALUE) 
VALUES(1,'10000');
/* The table COA will contain the different Chart Of Accounts supported by MFI, like assets etc linked to a corrosponding glcode - Configuration */
INSERT INTO COA(COA_ID,COA_NAME,GLCODE_ID) 
VALUES(1,'ASSETS',1);
/* The table COAHIERARCHY will contain the Chart of account linkages, like cash balance is under assets etc - Configuration */
INSERT INTO COAHIERARCHY(COA_ID,PARENT_COAID) 
VALUES(1,null);
/* The table COA_IDMPPER will be used internally by the system, it is used to denote the associaton of a coa with the internal id used by the system for that COA */
INSERT INTO COA_IDMAPPER(CONSTANT_ID,COA_ID,DESCRIPTION)
VALUES(1,1,'');

INSERT INTO GL_CODE(GLCODE_ID,GLCODE_VALUE) 
VALUES(2,'11000');
INSERT INTO COA(COA_ID,COA_NAME,GLCODE_ID) 
VALUES(2,'Cash and bank balances',2);
INSERT INTO COAHIERARCHY(COA_ID,PARENT_COAID) 
VALUES(2,1);
INSERT INTO COA_IDMAPPER(CONSTANT_ID,COA_ID,DESCRIPTION)
VALUES(2,2,'');

INSERT INTO GL_CODE(GLCODE_ID,GLCODE_VALUE) 
VALUES(3,'11100');
INSERT INTO COA(COA_ID,COA_NAME,GLCODE_ID) 
VALUES(3,'Petty Cash Accounts',3);
INSERT INTO COAHIERARCHY(COA_ID,PARENT_COAID)
VALUES(3,2);
INSERT INTO COA_IDMAPPER(CONSTANT_ID,COA_ID,DESCRIPTION)
VALUES(3,3,'');
 
INSERT INTO GL_CODE(GLCODE_ID,GLCODE_VALUE) 
VALUES(4,'11101');
INSERT INTO COA(COA_ID,COA_NAME,GLCODE_ID)
VALUES(4,'Cash 1',4);
INSERT INTO COAHIERARCHY(COA_ID,PARENT_COAID)
VALUES(4,3);
INSERT INTO COA_IDMAPPER(CONSTANT_ID,COA_ID,DESCRIPTION)
VALUES(4,4,'');
 
INSERT INTO GL_CODE(GLCODE_ID,GLCODE_VALUE) 
VALUES(5,'11102');
INSERT INTO COA(COA_ID,COA_NAME,GLCODE_ID) 
VALUES(5,'Cash 2',5);
INSERT INTO COAHIERARCHY(COA_ID,PARENT_COAID) 
VALUES(5,3);
INSERT INTO COA_IDMAPPER(CONSTANT_ID,COA_ID,DESCRIPTION)
VALUES(5,5,'');

INSERT INTO GL_CODE(GLCODE_ID,GLCODE_VALUE) 
VALUES(6,'11200');
INSERT INTO COA(COA_ID,COA_NAME,GLCODE_ID) 
VALUES(6,'Bank Balances',6);
INSERT INTO COAHIERARCHY(COA_ID,PARENT_COAID)
VALUES(6,2);
INSERT INTO COA_IDMAPPER(CONSTANT_ID,COA_ID,DESCRIPTION)
VALUES(6,6,'');

INSERT INTO GL_CODE(GLCODE_ID,GLCODE_VALUE) 
VALUES(7,'11201');
INSERT INTO COA(COA_ID,COA_NAME,GLCODE_ID) 
VALUES(7,'Bank Account 1',7);
INSERT INTO COAHIERARCHY(COA_ID,PARENT_COAID) 
VALUES(7,6);
INSERT INTO COA_IDMAPPER(CONSTANT_ID,COA_ID,DESCRIPTION) 
VALUES(7,7,'');

INSERT INTO GL_CODE(GLCODE_ID,GLCODE_VALUE) 
VALUES(8,'11202');
INSERT INTO COA(COA_ID,COA_NAME,GLCODE_ID)
VALUES(8,'Bank Account 2',8);
INSERT INTO COAHIERARCHY(COA_ID,PARENT_COAID) 
VALUES(8,6);
INSERT INTO COA_IDMAPPER(CONSTANT_ID,COA_ID,DESCRIPTION) 
VALUES(8,8,'');

INSERT INTO GL_CODE(GLCODE_ID,GLCODE_VALUE) 
VALUES(9,'13000');
INSERT INTO COA(COA_ID,COA_NAME,GLCODE_ID)
VALUES(9,'Loan Portfolio',9);
INSERT INTO COAHIERARCHY(COA_ID,PARENT_COAID)
VALUES(9,1);
INSERT INTO COA_IDMAPPER(CONSTANT_ID,COA_ID,DESCRIPTION)
VALUES(9,9,'');

INSERT INTO GL_CODE(GLCODE_ID,GLCODE_VALUE) 
VALUES(10,'13100');
INSERT INTO COA(COA_ID,COA_NAME,GLCODE_ID) 
VALUES(10,'Loans and Advances',10);
INSERT INTO COAHIERARCHY(COA_ID,PARENT_COAID) 
VALUES(10,9);
INSERT INTO COA_IDMAPPER(CONSTANT_ID,COA_ID,DESCRIPTION)
VALUES(10,10,'');



INSERT INTO GL_CODE(GLCODE_ID,GLCODE_VALUE) 
VALUES(11,'13101');
INSERT INTO COA(COA_ID,COA_NAME,GLCODE_ID) 
VALUES(11,'Loans to clients',11);
INSERT INTO COAHIERARCHY(COA_ID,PARENT_COAID) 
VALUES(11,10);
INSERT INTO COA_IDMAPPER(CONSTANT_ID,COA_ID,DESCRIPTION)
VALUES(11,11,'');

INSERT INTO GL_CODE(GLCODE_ID,GLCODE_VALUE)
VALUES(32,'1501');
INSERT INTO COA(COA_ID,COA_NAME,GLCODE_ID)
VALUES(32,'IGLoan',32);
INSERT INTO COAHIERARCHY(COA_ID,PARENT_COAID)
VALUES(32,10);
INSERT INTO COA_IDMAPPER(CONSTANT_ID,COA_ID,DESCRIPTION)
VALUES(32,32,'');


INSERT INTO GL_CODE(GLCODE_ID,GLCODE_VALUE)
VALUES(33,'1502');
INSERT INTO COA(COA_ID,COA_NAME,GLCODE_ID)
VALUES(33,'ManagedICICI-IGLoan',33);
INSERT INTO COAHIERARCHY(COA_ID,PARENT_COAID)
VALUES(33,10);
INSERT INTO COA_IDMAPPER(CONSTANT_ID,COA_ID,DESCRIPTION)
VALUES(33,33,'');

INSERT INTO GL_CODE(GLCODE_ID,GLCODE_VALUE)
VALUES(34,'1503');
INSERT INTO COA(COA_ID,COA_NAME,GLCODE_ID)
VALUES(34,'SPLoan',34);
INSERT INTO COAHIERARCHY(COA_ID,PARENT_COAID)
VALUES(34,10);
INSERT INTO COA_IDMAPPER(CONSTANT_ID,COA_ID,DESCRIPTION)
VALUES(34,34,'');

INSERT INTO GL_CODE(GLCODE_ID,GLCODE_VALUE)
VALUES(35,'1504');
INSERT INTO COA(COA_ID,COA_NAME,GLCODE_ID)
VALUES(35,'ManagedICICI-SPLoan',35);
INSERT INTO COAHIERARCHY(COA_ID,PARENT_COAID)
VALUES(35,10);
INSERT INTO COA_IDMAPPER(CONSTANT_ID,COA_ID,DESCRIPTION)
VALUES(35,35,'');

INSERT INTO GL_CODE(GLCODE_ID,GLCODE_VALUE)
VALUES(36,'1505');
INSERT INTO COA(COA_ID,COA_NAME,GLCODE_ID)
VALUES(36,'WFLoan',36);
INSERT INTO COAHIERARCHY(COA_ID,PARENT_COAID)
VALUES(36,10);
INSERT INTO COA_IDMAPPER(CONSTANT_ID,COA_ID,DESCRIPTION)
VALUES(36,36,'');

INSERT INTO GL_CODE(GLCODE_ID,GLCODE_VALUE)
VALUES(37,'1506');
INSERT INTO COA(COA_ID,COA_NAME,GLCODE_ID)
VALUES(37,'Managed WFLoan',37);
INSERT INTO COAHIERARCHY(COA_ID,PARENT_COAID)
VALUES(37,10);
INSERT INTO COA_IDMAPPER(CONSTANT_ID,COA_ID,DESCRIPTION)
VALUES(37,37,'');

INSERT INTO GL_CODE(GLCODE_ID,GLCODE_VALUE)
VALUES(38,'1507');
INSERT INTO COA(COA_ID,COA_NAME,GLCODE_ID)
VALUES(38,'Emergency Loans',38);
INSERT INTO COAHIERARCHY(COA_ID,PARENT_COAID)
VALUES(38,10);
INSERT INTO COA_IDMAPPER(CONSTANT_ID,COA_ID,DESCRIPTION)
VALUES(38,38,'');

INSERT INTO GL_CODE(GLCODE_ID,GLCODE_VALUE)
VALUES(39,'1508');
INSERT INTO COA(COA_ID,COA_NAME,GLCODE_ID)
VALUES(39,'Special  Loans',39);
INSERT INTO COAHIERARCHY(COA_ID,PARENT_COAID)
VALUES(39,10);
INSERT INTO COA_IDMAPPER(CONSTANT_ID,COA_ID,DESCRIPTION)
VALUES(39,39,'');

INSERT INTO GL_CODE(GLCODE_ID,GLCODE_VALUE)
VALUES(40,'1509');
INSERT INTO COA(COA_ID,COA_NAME,GLCODE_ID)
VALUES(40,'Micro Enterprises Loans',40);
INSERT INTO COAHIERARCHY(COA_ID,PARENT_COAID)
VALUES(40,10);
INSERT INTO COA_IDMAPPER(CONSTANT_ID,COA_ID,DESCRIPTION)
VALUES(40,40,'');


INSERT INTO GL_CODE(GLCODE_ID,GLCODE_VALUE) 
VALUES(12,'13200');
INSERT INTO COA(COA_ID,COA_NAME,GLCODE_ID) 
VALUES(12,'Loan Loss Provisions ',12);
INSERT INTO COAHIERARCHY(COA_ID,PARENT_COAID) 
VALUES(12,9);
INSERT INTO COA_IDMAPPER(CONSTANT_ID,COA_ID,DESCRIPTION)
VALUES(12,12,'');

 
INSERT INTO GL_CODE(GLCODE_ID,GLCODE_VALUE)
VALUES(13,'13201');
INSERT INTO COA(COA_ID,COA_NAME,GLCODE_ID) 
VALUES(13,'Write-offs',13);
INSERT INTO COAHIERARCHY(COA_ID,PARENT_COAID) 
VALUES(13,12);
INSERT INTO COA_IDMAPPER(CONSTANT_ID,COA_ID,DESCRIPTION)
VALUES(13,13,'');

INSERT INTO GL_CODE(GLCODE_ID,GLCODE_VALUE) 
VALUES(14,'20000');
INSERT INTO COA(COA_ID,COA_NAME,GLCODE_ID) 
VALUES(14,'LIABILITIES',14);
INSERT INTO COAHIERARCHY(COA_ID,PARENT_COAID)
VALUES(14,null);
INSERT INTO COA_IDMAPPER(CONSTANT_ID,COA_ID,DESCRIPTION) 
VALUES(14,14,'');

INSERT INTO GL_CODE(GLCODE_ID,GLCODE_VALUE) 
VALUES(15,'22000');
INSERT INTO COA(COA_ID,COA_NAME,GLCODE_ID) 
VALUES(15,'Interest Payable',15);
INSERT INTO COAHIERARCHY(COA_ID,PARENT_COAID) 
VALUES(15,14);
INSERT INTO COA_IDMAPPER(CONSTANT_ID,COA_ID,DESCRIPTION)
VALUES(15,15,'');

INSERT INTO GL_CODE(GLCODE_ID,GLCODE_VALUE) 
VALUES(16,'22100');
INSERT INTO COA(COA_ID,COA_NAME,GLCODE_ID)
VALUES(16,'Interest payable on clients savings',16);
INSERT INTO COAHIERARCHY(COA_ID,PARENT_COAID) 
VALUES(16,15);
INSERT INTO COA_IDMAPPER(CONSTANT_ID,COA_ID,DESCRIPTION)
VALUES(16,16,'');
 
INSERT INTO GL_CODE(GLCODE_ID,GLCODE_VALUE) 
VALUES(17,'22101');
INSERT INTO COA(COA_ID,COA_NAME,GLCODE_ID) 
VALUES(17,'Interest on mandatory savings',17);
INSERT INTO COAHIERARCHY(COA_ID,PARENT_COAID) 
VALUES(17,16);
INSERT INTO COA_IDMAPPER(CONSTANT_ID,COA_ID,DESCRIPTION) 
VALUES(17,17,'');

INSERT INTO GL_CODE(GLCODE_ID,GLCODE_VALUE) 
VALUES(18,'30000');
INSERT INTO COA(COA_ID,COA_NAME,GLCODE_ID)
VALUES(18,'INCOME',18);
INSERT INTO COAHIERARCHY(COA_ID,PARENT_COAID)
VALUES(18,null);
INSERT INTO COA_IDMAPPER(CONSTANT_ID,COA_ID,DESCRIPTION)
VALUES(18,18,'');

INSERT INTO GL_CODE(GLCODE_ID,GLCODE_VALUE) 
VALUES(19,'31000');
INSERT INTO COA(COA_ID,COA_NAME,GLCODE_ID)
VALUES(19,'Direct Income',19);
INSERT INTO COAHIERARCHY(COA_ID,PARENT_COAID)
VALUES(19,18);
INSERT INTO COA_IDMAPPER(CONSTANT_ID,COA_ID,DESCRIPTION) 
VALUES(19,19,'');

INSERT INTO GL_CODE(GLCODE_ID,GLCODE_VALUE) 
VALUES(20,'31100');
INSERT INTO COA(COA_ID,COA_NAME,GLCODE_ID) 
VALUES(20,'Interest income from loans',20);
INSERT INTO COAHIERARCHY(COA_ID,PARENT_COAID) 
VALUES(20,19);
INSERT INTO COA_IDMAPPER(CONSTANT_ID,COA_ID,DESCRIPTION) 
VALUES(20,20,'');


INSERT INTO GL_CODE(GLCODE_ID,GLCODE_VALUE) 
VALUES(21,'31101');
INSERT INTO COA(COA_ID,COA_NAME,GLCODE_ID) 
VALUES(21,'Interest on loans',21);
INSERT INTO COAHIERARCHY(COA_ID,PARENT_COAID)
VALUES(21,20);
INSERT INTO COA_IDMAPPER(CONSTANT_ID,COA_ID,DESCRIPTION)
VALUES(21,21,'');

INSERT INTO GL_CODE(GLCODE_ID,GLCODE_VALUE) 
VALUES(45,'5001');
INSERT INTO COA(COA_ID,COA_NAME,GLCODE_ID) 
VALUES(45,'Interest',45);
INSERT INTO COAHIERARCHY(COA_ID,PARENT_COAID)
VALUES(45,20);
INSERT INTO COA_IDMAPPER(CONSTANT_ID,COA_ID,DESCRIPTION)
VALUES(45,45,'');

 
INSERT INTO GL_CODE(GLCODE_ID,GLCODE_VALUE) 
VALUES(22,'31102');
INSERT INTO COA(COA_ID,COA_NAME,GLCODE_ID)
VALUES(22,'Penalty',22);
INSERT INTO COAHIERARCHY(COA_ID,PARENT_COAID) 
VALUES(22,20);
INSERT INTO COA_IDMAPPER(CONSTANT_ID,COA_ID,DESCRIPTION)
VALUES(22,22,'');

INSERT INTO GL_CODE(GLCODE_ID,GLCODE_VALUE) 
VALUES(23,'31300');
INSERT INTO COA(COA_ID,COA_NAME,GLCODE_ID)
VALUES(23,'Income from micro credit & lending activities',23);
INSERT INTO COAHIERARCHY(COA_ID,PARENT_COAID)
VALUES(23,19);
INSERT INTO COA_IDMAPPER(CONSTANT_ID,COA_ID,DESCRIPTION)
VALUES(23,23,'');



INSERT INTO GL_CODE(GLCODE_ID,GLCODE_VALUE)
VALUES(24,'31301');
INSERT INTO COA(COA_ID,COA_NAME,GLCODE_ID)
VALUES(24,'Fees',24);
INSERT INTO COAHIERARCHY(COA_ID,PARENT_COAID) 
VALUES(24,23);
INSERT INTO COA_IDMAPPER(CONSTANT_ID,COA_ID,DESCRIPTION)
VALUES(24,24,'');

INSERT INTO GL_CODE(GLCODE_ID,GLCODE_VALUE)
VALUES(46,'5201');
INSERT INTO COA(COA_ID,COA_NAME,GLCODE_ID)
VALUES(46,'Processing Fees',46);
INSERT INTO COAHIERARCHY(COA_ID,PARENT_COAID) 
VALUES(46,23);
INSERT INTO COA_IDMAPPER(CONSTANT_ID,COA_ID,DESCRIPTION)
VALUES(46,46,'');

INSERT INTO GL_CODE(GLCODE_ID,GLCODE_VALUE)
VALUES(47,'5202');
INSERT INTO COA(COA_ID,COA_NAME,GLCODE_ID)
VALUES(47,'Annual Subscription Fee',47);
INSERT INTO COAHIERARCHY(COA_ID,PARENT_COAID) 
VALUES(47,23);
INSERT INTO COA_IDMAPPER(CONSTANT_ID,COA_ID,DESCRIPTION)
VALUES(47,47,'');

INSERT INTO GL_CODE(GLCODE_ID,GLCODE_VALUE)
VALUES(48,'5203');
INSERT INTO COA(COA_ID,COA_NAME,GLCODE_ID)
VALUES(48,'Emergency Loan Documentation Fee',48);
INSERT INTO COAHIERARCHY(COA_ID,PARENT_COAID) 
VALUES(48,23);
INSERT INTO COA_IDMAPPER(CONSTANT_ID,COA_ID,DESCRIPTION)
VALUES(48,48,'');

INSERT INTO GL_CODE(GLCODE_ID,GLCODE_VALUE)
VALUES(49,'5204');
INSERT INTO COA(COA_ID,COA_NAME,GLCODE_ID)
VALUES(49,'Sale of Publication',49);
INSERT INTO COAHIERARCHY(COA_ID,PARENT_COAID) 
VALUES(49,23);
INSERT INTO COA_IDMAPPER(CONSTANT_ID,COA_ID,DESCRIPTION)
VALUES(49,49,'');

INSERT INTO GL_CODE(GLCODE_ID,GLCODE_VALUE)
VALUES(50,'5205');
INSERT INTO COA(COA_ID,COA_NAME,GLCODE_ID)
VALUES(50,'Fines & Penalties',50);
INSERT INTO COAHIERARCHY(COA_ID,PARENT_COAID) 
VALUES(50,23);
INSERT INTO COA_IDMAPPER(CONSTANT_ID,COA_ID,DESCRIPTION)
VALUES(50,50,'');

INSERT INTO GL_CODE(GLCODE_ID,GLCODE_VALUE)
VALUES(51,'6201');
INSERT INTO COA(COA_ID,COA_NAME,GLCODE_ID)
VALUES(51,'Miscelleneous Income',51);
INSERT INTO COAHIERARCHY(COA_ID,PARENT_COAID) 
VALUES(51,23);
INSERT INTO COA_IDMAPPER(CONSTANT_ID,COA_ID,DESCRIPTION)
VALUES(51,51,'');


INSERT INTO GL_CODE(GLCODE_ID,GLCODE_VALUE) 
VALUES(25,'31401');
INSERT INTO COA(COA_ID,COA_NAME,GLCODE_ID) 
VALUES(25,'Income from 999 Account', 25);
INSERT INTO COAHIERARCHY(COA_ID,PARENT_COAID)
VALUES(25,18);
INSERT INTO COA_IDMAPPER(CONSTANT_ID,COA_ID,DESCRIPTION)
VALUES(25,25,null);

INSERT INTO GL_CODE VALUES(26,'23000');
INSERT INTO COA VALUES(26,'Clients Deposits' ,26);
INSERT INTO COAHIERARCHY VALUES(26,14);
INSERT INTO COA_IDMAPPER VALUES(26,26,'');

INSERT INTO GL_CODE VALUES(27,'23100');
INSERT INTO COA VALUES(27,'Clients Deposits',27);
INSERT INTO COAHIERARCHY VALUES(27,26);
INSERT INTO COA_IDMAPPER VALUES(27,27,'');



INSERT INTO GL_CODE VALUES(28,'23101');
INSERT INTO COA VALUES(28,'Savings accounts ',28);
INSERT INTO COAHIERARCHY VALUES(28,27);
INSERT INTO COA_IDMAPPER VALUES(28,28,'');

INSERT INTO GL_CODE VALUES(41,'4601');
INSERT INTO COA VALUES(41,'Emergency Fund',41);
INSERT INTO COAHIERARCHY VALUES(41,27);
INSERT INTO COA_IDMAPPER VALUES(41,41,'');


INSERT INTO GL_CODE VALUES(42,'4602');
INSERT INTO COA VALUES(42,'Margin Money-1',42);
INSERT INTO COAHIERARCHY VALUES(42,27);
INSERT INTO COA_IDMAPPER VALUES(42,42,'');


INSERT INTO GL_CODE VALUES(43,'4603');
INSERT INTO COA VALUES(43,'Margin Money-2',43);
INSERT INTO COAHIERARCHY VALUES(43,27);
INSERT INTO COA_IDMAPPER VALUES(43,43,'');


INSERT INTO GL_CODE VALUES(44,'4606');
INSERT INTO COA VALUES(44,'Village Development Fund',44);
INSERT INTO COAHIERARCHY VALUES(44,27);
INSERT INTO COA_IDMAPPER VALUES(44,44,'');


INSERT INTO GL_CODE VALUES(29,'24000');
INSERT INTO COA VALUES(29,'Mandatory Savings',29);
INSERT INTO COAHIERARCHY VALUES(29,14);
INSERT INTO COA_IDMAPPER VALUES(29,29,'');

INSERT INTO GL_CODE VALUES(30,'24100');
INSERT INTO COA VALUES(30,'Mandatory Savings',30);
INSERT INTO COAHIERARCHY VALUES(30,29);
INSERT INTO COA_IDMAPPER VALUES(30,30,'');

INSERT INTO GL_CODE VALUES(31,'24101');
INSERT INTO COA VALUES(31,'Mandatory Savings Accounts',31);
INSERT INTO COAHIERARCHY VALUES(31,30);
INSERT INTO COA_IDMAPPER VALUES(31,31,'');


INSERT INTO GL_CODE VALUES(53,'40000');
INSERT INTO COA VALUES(53,'EXPENDITURE',53);
INSERT INTO COAHIERARCHY VALUES(53,null);
INSERT INTO COA_IDMAPPER VALUES(53,53,'');

INSERT INTO GL_CODE VALUES(54,'41000');
INSERT INTO COA VALUES(54,'Direct Expenditure',54);
INSERT INTO COAHIERARCHY VALUES(54,53);
INSERT INTO COA_IDMAPPER VALUES(54,54,'');


INSERT INTO GL_CODE VALUES(55,'41100');
INSERT INTO COA VALUES(55,'Cost of Funds',55);
INSERT INTO COAHIERARCHY VALUES(55,54);
INSERT INTO COA_IDMAPPER VALUES(55,55,'');


INSERT INTO GL_CODE VALUES(56,'41101');
INSERT INTO COA VALUES(56,'Interest on clients voluntary savings',56);
INSERT INTO COAHIERARCHY VALUES(56,55);
INSERT INTO COA_IDMAPPER VALUES(56,56,'');


INSERT INTO GL_CODE VALUES(57,'41102');
INSERT INTO COA VALUES(57,'Interest on clients mandatory savings',57);
INSERT INTO COAHIERARCHY VALUES(57,55);
INSERT INTO COA_IDMAPPER VALUES(57,57,'');


/* The table Financial Action will contain the different financial actions supported by the system like Payment , Adjutment etc - System */
INSERT INTO FINANCIAL_ACTION
VALUES(1,198);
INSERT INTO FINANCIAL_ACTION
VALUES(2,199);
INSERT INTO FINANCIAL_ACTION
VALUES(3,200);
INSERT INTO FINANCIAL_ACTION
VALUES(4,229);
INSERT INTO FINANCIAL_ACTION
VALUES(5,201);
INSERT INTO FINANCIAL_ACTION
VALUES(6,361);
INSERT INTO FINANCIAL_ACTION
VALUES(7,215);
INSERT INTO FINANCIAL_ACTION
VALUES(8,202);
INSERT INTO FINANCIAL_ACTION VALUES(9,203);
INSERT INTO FINANCIAL_ACTION VALUES(10,204);
INSERT INTO FINANCIAL_ACTION VALUES(11,205);
INSERT INTO FINANCIAL_ACTION VALUES(12,206);
INSERT INTO FINANCIAL_ACTION VALUES(13,207);
INSERT INTO FINANCIAL_ACTION VALUES(14,208);
INSERT INTO FINANCIAL_ACTION VALUES(15,209);
INSERT INTO FINANCIAL_ACTION VALUES(16,363);
INSERT INTO FINANCIAL_ACTION VALUES(17,365);
INSERT INTO FINANCIAL_ACTION VALUES(18,367);
INSERT INTO FINANCIAL_ACTION VALUES(19,368);
INSERT INTO FINANCIAL_ACTION VALUES(20,369);
INSERT INTO FINANCIAL_ACTION VALUES(21,370);
INSERT INTO FINANCIAL_ACTION VALUES(22,550);


/* The table Report Category will contain the different report category 
   supported by the MFI like Performance, Client Detail etc - Configuration */
INSERT INTO REPORT_CATEGORY(REPORT_CATEGORY_ID,REPORT_CATEGORY_VALUE) VALUES(1,'Client Detail');
INSERT INTO REPORT_CATEGORY(REPORT_CATEGORY_ID,REPORT_CATEGORY_VALUE) VALUES(2,'Performance');
INSERT INTO REPORT_CATEGORY(REPORT_CATEGORY_ID,REPORT_CATEGORY_VALUE) 
  VALUES(3,'Center');
INSERT INTO REPORT_CATEGORY(REPORT_CATEGORY_ID,REPORT_CATEGORY_VALUE) VALUES(4,'Loan Product Detail');
INSERT INTO REPORT_CATEGORY(REPORT_CATEGORY_ID,REPORT_CATEGORY_VALUE) VALUES(5,'Status');
INSERT INTO REPORT_CATEGORY(REPORT_CATEGORY_ID,REPORT_CATEGORY_VALUE) VALUES(6,'Analysis');
INSERT INTO REPORT_CATEGORY(REPORT_CATEGORY_ID,REPORT_CATEGORY_VALUE) VALUES(7,'Miscellaneous');

/* The table Report will contain the different reports supported by the MFI 
   like Client Summary etc. The report will be linked to the category 
   under which it belongs - Configuration */
INSERT INTO REPORT(REPORT_ID,REPORT_CATEGORY_ID,REPORT_NAME,REPORT_IDENTIFIER) VALUES(1,1,'Client Summary & History Report','report_designer');
INSERT INTO REPORT(REPORT_ID,REPORT_CATEGORY_ID,REPORT_NAME,REPORT_IDENTIFIER) VALUES(2,1,'Client Product Wise History Report','product_history');
INSERT INTO REPORT(REPORT_ID,REPORT_CATEGORY_ID,REPORT_NAME,REPORT_IDENTIFIER) VALUES(3,1,'Clients Settlement info Report',null);
INSERT INTO REPORT(REPORT_ID,REPORT_CATEGORY_ID,REPORT_NAME,REPORT_IDENTIFIER) VALUES(4,1,'Client Loan repayment schedule',null);
INSERT INTO REPORT(REPORT_ID,REPORT_CATEGORY_ID,REPORT_NAME,REPORT_IDENTIFIER) VALUES(5,1,'Client Fees, Charges and Penalties report',null);
INSERT INTO REPORT(REPORT_ID,REPORT_CATEGORY_ID,REPORT_NAME,REPORT_IDENTIFIER) VALUES(6,1,'Clients pending approval report',null);
INSERT INTO REPORT(REPORT_ID,REPORT_CATEGORY_ID,REPORT_NAME,REPORT_IDENTIFIER) 
  VALUES(7,1,'Clients without Saving Accouts',null);
INSERT INTO REPORT(REPORT_ID,REPORT_CATEGORY_ID,REPORT_NAME,REPORT_IDENTIFIER) 
  VALUES(8,2,'Branch Performance Status Report','branch_performance');
INSERT INTO REPORT(REPORT_ID,REPORT_CATEGORY_ID,REPORT_NAME,REPORT_IDENTIFIER) VALUES(9,2,'Area Performance Status Report','area_performance');
INSERT INTO REPORT(REPORT_ID,REPORT_CATEGORY_ID,REPORT_NAME,REPORT_IDENTIFIER) VALUES(10,2,'Division Performance Status Report',null);
INSERT INTO REPORT(REPORT_ID,REPORT_CATEGORY_ID,REPORT_NAME,REPORT_IDENTIFIER) VALUES(11,2,'Region Performance Status Report',null);
INSERT INTO REPORT(REPORT_ID,REPORT_CATEGORY_ID,REPORT_NAME,REPORT_IDENTIFIER) VALUES(12,2,'Grameen Koota Performance Status Report',null);
INSERT INTO REPORT(REPORT_ID,REPORT_CATEGORY_ID,REPORT_NAME,REPORT_IDENTIFIER) VALUES(13,2,'Staff Performance Report',null);
INSERT INTO REPORT(REPORT_ID,REPORT_CATEGORY_ID,REPORT_NAME,REPORT_IDENTIFIER) VALUES(14,2,'Outreach Report',null);
INSERT INTO REPORT(REPORT_ID,REPORT_CATEGORY_ID,REPORT_NAME,REPORT_IDENTIFIER)
  VALUES(15,2,'Center Summary Report',null);
INSERT INTO REPORT(REPORT_ID,REPORT_CATEGORY_ID,REPORT_NAME,REPORT_IDENTIFIER) VALUES(16,3,'Collection sheet','collection_sheet');
INSERT INTO REPORT(REPORT_ID,REPORT_CATEGORY_ID,REPORT_NAME,REPORT_IDENTIFIER) VALUES(17,4,'Loan Product Distribution - Activity Wise, Size Wize, Product Wise, Sequency Wise','loan_distribution');
INSERT INTO REPORT(REPORT_ID,REPORT_CATEGORY_ID,REPORT_NAME,REPORT_IDENTIFIER) VALUES(18,4,'Branch Due disbursement Report','branch_disbursement');
INSERT INTO REPORT(REPORT_ID,REPORT_CATEGORY_ID,REPORT_NAME,REPORT_IDENTIFIER) VALUES(19,4,'Loans pending approval report',null);
INSERT INTO REPORT(REPORT_ID,REPORT_CATEGORY_ID,REPORT_NAME,REPORT_IDENTIFIER) VALUES(20,4,'Loan Accounts reports',null);
INSERT INTO REPORT(REPORT_ID,REPORT_CATEGORY_ID,REPORT_NAME,REPORT_IDENTIFIER) VALUES(21,5,'Daily Cash Confirmation Report - Staff Wise','staffwise_report');
INSERT INTO REPORT(REPORT_ID,REPORT_CATEGORY_ID,REPORT_NAME,REPORT_IDENTIFIER) VALUES(22,5,'Daily Cash Flow Report - Branch','branchwise_report');
INSERT INTO REPORT(REPORT_ID,REPORT_CATEGORY_ID,REPORT_NAME,REPORT_IDENTIFIER) VALUES(23,5,'Fund Requirement Report',null);
INSERT INTO REPORT(REPORT_ID,REPORT_CATEGORY_ID,REPORT_NAME,REPORT_IDENTIFIER) VALUES(24,5,'Daily Transaction Summary report',null);
INSERT INTO REPORT(REPORT_ID,REPORT_CATEGORY_ID,REPORT_NAME,REPORT_IDENTIFIER) VALUES(25,6,'Daily Portfolio quality data report - Aging analysis','analysis');
INSERT INTO REPORT(REPORT_ID,REPORT_CATEGORY_ID,REPORT_NAME,REPORT_IDENTIFIER)
  VALUES(26,7,'Center Meeting Schedule','kendra_meeting');
INSERT INTO REPORT(REPORT_ID,REPORT_CATEGORY_ID,REPORT_NAME,REPORT_IDENTIFIER) VALUES(27,4,'Loan Status Report',NULL);

/* The table Transaction Type defines the transaction types for which the MFI can assign acceptable payment methods.  - System.*/
INSERT INTO TRANSACTION_TYPE (TRANSACTION_ID,TRANSACTION_NAME) VALUES(1,'Loan Disbursement');
INSERT INTO TRANSACTION_TYPE (TRANSACTION_ID,TRANSACTION_NAME) VALUES(2,'Loan Repayment');
INSERT INTO TRANSACTION_TYPE (TRANSACTION_ID,TRANSACTION_NAME) VALUES(3,'Savings Deposit');
INSERT INTO TRANSACTION_TYPE (TRANSACTION_ID,TRANSACTION_NAME) VALUES(4,'Savings Withdrawals');
INSERT INTO TRANSACTION_TYPE (TRANSACTION_ID,TRANSACTION_NAME) VALUES(5,'Client Fees/penalty payments');

/* The table Supported Modes will contain the different payment modes supported by the system - System*/
INSERT INTO SUPPORTED_MODES (MODE_ID,TRANSACTION_ID,PAYMENT_TYPE_ID) VALUES (1,1,1);
INSERT INTO SUPPORTED_MODES (MODE_ID,TRANSACTION_ID,PAYMENT_TYPE_ID) VALUES (2,2,1);
INSERT INTO SUPPORTED_MODES (MODE_ID,TRANSACTION_ID,PAYMENT_TYPE_ID) VALUES (3,3,1);
INSERT INTO SUPPORTED_MODES (MODE_ID,TRANSACTION_ID,PAYMENT_TYPE_ID) VALUES (4,4,1);
INSERT INTO SUPPORTED_MODES (MODE_ID,TRANSACTION_ID,PAYMENT_TYPE_ID) VALUES (5,5,1);

/* The table FEE_UPDATE_TYPE indicates what in fee is changed like amount changed, status changed etc - System */ 
INSERT INTO FEE_UPDATE_TYPE(LOOKUP_ID) VALUES(556);
INSERT INTO FEE_UPDATE_TYPE(LOOKUP_ID) VALUES(557);

INSERT INTO FUND_CODE(FUNDCODE_ID,FUNDCODE_VALUE) VALUES(1,'00');
INSERT INTO FUND_CODE(FUNDCODE_ID,FUNDCODE_VALUE) VALUES(2,'01');
INSERT INTO FUND_CODE(FUNDCODE_ID,FUNDCODE_VALUE) VALUES(3,'02');
INSERT INTO FUND_CODE(FUNDCODE_ID,FUNDCODE_VALUE) VALUES(4,'03');
INSERT INTO FUND_CODE(FUNDCODE_ID,FUNDCODE_VALUE) VALUES(5,'04');

INSERT INTO FUND(FUND_ID,FUNDCODE_ID,FUND_NAME,VERSION_NO)
VALUES(1,1,'Non Donor',0);
INSERT INTO FUND(FUND_ID,FUNDCODE_ID,FUND_NAME,VERSION_NO)
VALUES(2,1,'Funding Org A',0);
INSERT INTO FUND(FUND_ID,FUNDCODE_ID,FUND_NAME,VERSION_NO)
VALUES(3,1,'Funding Org B',0);
INSERT INTO FUND(FUND_ID,FUNDCODE_ID,FUND_NAME,VERSION_NO)
VALUES(4,1,'Funding Org C',0);
INSERT INTO FUND(FUND_ID,FUNDCODE_ID,FUND_NAME,VERSION_NO)
VALUES(5,1,'Funding Org D',0);

/* The table Personnelcustom field contains the additional information of the default user  - Configuration */
INSERT INTO PERSONNEL_CUSTOM_FIELD (FIELD_ID,PERSONNEL_ID,FIELD_VALUE)
VALUES(9,1,'');

INSERT INTO OFFICE_CUSTOM_FIELD (OFFICE_ID,FIELD_ID,FIELD_VALUE) VALUES(1,10,'');
INSERT INTO OFFICE_CUSTOM_FIELD (OFFICE_ID,FIELD_ID,FIELD_VALUE) VALUES(1,11,'');
INSERT INTO OFFICE_CUSTOM_FIELD (OFFICE_ID,FIELD_ID,FIELD_VALUE) VALUES(1,12,'');
INSERT INTO OFFICE_CUSTOM_FIELD (OFFICE_ID,FIELD_ID,FIELD_VALUE) VALUES(1,13,'');


-- Begin data for Reports Mini Portal
INSERT INTO mis_bank VALUES (1,'BANK1');
INSERT INTO mis_bank VALUES (2,'BANK2');
INSERT INTO mis_bank VALUES (3,'BANK3');

INSERT INTO mis_bankbranch VALUES (1,1,'BRANCHB1',4);
INSERT INTO mis_bankbranch VALUES (2,2,'BRANCHB2',5);
INSERT INTO mis_bankbranch VALUES (3,3,'BRANCHB3',6);
INSERT INTO mis_bankbranch VALUES (4,1,'BRANCHB11',7);
INSERT INTO mis_bankbranch VALUES (5,2,'BRANCHB21',8);
INSERT INTO mis_bankbranch VALUES (6,3,'BRANCHB31',9);

INSERT INTO mis_geographicalarea VALUES (1,'A1',1,NULL);
INSERT INTO mis_geographicalarea VALUES (2,'A2',1,NULL);
INSERT INTO mis_geographicalarea VALUES (3,'A3',1,NULL);
INSERT INTO mis_geographicalarea VALUES (4,'B1',2,1);
INSERT INTO mis_geographicalarea VALUES (5,'B2',2,2);
INSERT INTO mis_geographicalarea VALUES (6,'B3',2,3);
INSERT INTO mis_geographicalarea VALUES (7,'B11',2,1);
INSERT INTO mis_geographicalarea VALUES (8,'B21',2,2);
INSERT INTO mis_geographicalarea VALUES (9,'B31',2,3);

INSERT INTO mis_geographicalareatype VALUES (1,'A');
INSERT INTO mis_geographicalareatype VALUES (2,'B');

INSERT INTO mis_shgmemberprofile VALUES (1,1,'MEMBER1','YES',50,'YES');
INSERT INTO mis_shgmemberprofile VALUES (1,2,'MEMBER2','YES',50,'YES');
INSERT INTO mis_shgmemberprofile VALUES (1,3,'MEMBER3','NO',0,'YES');
INSERT INTO mis_shgmemberprofile VALUES (1,4,'MEMBER4','YES',100,'NO');

INSERT INTO mis_shgprofile VALUES 
(1,'G1',10,4,null,'LEADER 1','LEADER 2',1);
INSERT INTO mis_shgprofile VALUES 
(2,'G2',10,4,null,'LEADER1','LEADER2',1);
INSERT INTO mis_shgprofile VALUES 
(3,'G3',8,5,null,'LAEDER1','LEADER2',2);
INSERT INTO mis_shgprofile VALUES 
(4,'G4',12,4,null,'LEADER1','LEADER2',1);
INSERT INTO mis_shgprofile VALUES 
(5,'G5',15,5,null,'LEADER1','LEADER2',2);
INSERT INTO mis_shgprofile VALUES 
(6,'G6',11,7,null,'LEADER1','LEADER2',1);

INSERT INTO report_jasper_map(REPORT_ID,REPORT_CATEGORY_ID,REPORT_NAME,
REPORT_IDENTIFIER, REPORT_JASPER) VALUES
(1,1,'Client Summary & History Report','report_designer',NULL);
INSERT INTO report_jasper_map(REPORT_ID,REPORT_CATEGORY_ID,REPORT_NAME,
REPORT_IDENTIFIER, REPORT_JASPER) VALUES
(2,1,'Client Product Wise History Report','product_history',NULL);
INSERT INTO report_jasper_map(REPORT_ID,REPORT_CATEGORY_ID,REPORT_NAME,
REPORT_IDENTIFIER, REPORT_JASPER) VALUES
(3,1,'Clients Settlement info Report',null,NULL);
INSERT INTO report_jasper_map(REPORT_ID,REPORT_CATEGORY_ID,REPORT_NAME,
REPORT_IDENTIFIER, REPORT_JASPER) VALUES
(4,1,'Client Loan repayment schedule',null,NULL);
INSERT INTO report_jasper_map(REPORT_ID,REPORT_CATEGORY_ID,REPORT_NAME,
REPORT_IDENTIFIER, REPORT_JASPER) VALUES
(5,1,'Client Fees, Charges and Penalties report',null,NULL);
INSERT INTO report_jasper_map(REPORT_ID,REPORT_CATEGORY_ID,REPORT_NAME,
REPORT_IDENTIFIER, REPORT_JASPER) VALUES
(6,1,'Clients pending approval report',null,NULL);
INSERT INTO report_jasper_map(REPORT_ID,REPORT_CATEGORY_ID,REPORT_NAME,
REPORT_IDENTIFIER, REPORT_JASPER) VALUES
(7,1,'Clients without Saving Accouts',null,NULL);
INSERT INTO report_jasper_map(REPORT_ID,REPORT_CATEGORY_ID,REPORT_NAME,
REPORT_IDENTIFIER, REPORT_JASPER) VALUES
(8,2,'Branch Performance Status Report','branch_performance',NULL);
INSERT INTO report_jasper_map(REPORT_ID,REPORT_CATEGORY_ID,REPORT_NAME,
REPORT_IDENTIFIER, REPORT_JASPER) VALUES
(9,2,'Area Performance Status Report','area_performance',NULL);
INSERT INTO report_jasper_map(REPORT_ID,REPORT_CATEGORY_ID,REPORT_NAME,
REPORT_IDENTIFIER, REPORT_JASPER) VALUES
(10,2,'Division Performance Status Report',null,NULL);
INSERT INTO report_jasper_map(REPORT_ID,REPORT_CATEGORY_ID,REPORT_NAME,
REPORT_IDENTIFIER, REPORT_JASPER) VALUES
(11,2,'Region Performance Status Report',null,NULL);
INSERT INTO report_jasper_map(REPORT_ID,REPORT_CATEGORY_ID,REPORT_NAME,
REPORT_IDENTIFIER, REPORT_JASPER) VALUES
(12,2,'Grameen Koota Performance Status Report',null,NULL);
INSERT INTO report_jasper_map(REPORT_ID,REPORT_CATEGORY_ID,REPORT_NAME,
REPORT_IDENTIFIER, REPORT_JASPER) VALUES
(13,2,'Staff Performance Report',null,NULL);
INSERT INTO report_jasper_map(REPORT_ID,REPORT_CATEGORY_ID,REPORT_NAME,
REPORT_IDENTIFIER, REPORT_JASPER) VALUES
(14,2,'Outreach Report',null,NULL);
INSERT INTO report_jasper_map(REPORT_ID,REPORT_CATEGORY_ID,REPORT_NAME,
REPORT_IDENTIFIER, REPORT_JASPER) VALUES
(15,2,'Center Summary Report',null,NULL);
INSERT INTO report_jasper_map(REPORT_ID,REPORT_CATEGORY_ID,REPORT_NAME,
REPORT_IDENTIFIER, REPORT_JASPER) VALUES
(16,3,'Collection sheet','collection_sheet',NULL);
INSERT INTO report_jasper_map(REPORT_ID,REPORT_CATEGORY_ID,REPORT_NAME,
REPORT_IDENTIFIER, REPORT_JASPER) VALUES
(17,4,'Loan Product Distribution - Activity Wise, Size Wize, Product Wise, Sequency Wise','loan_distribution',NULL);
INSERT INTO report_jasper_map(REPORT_ID,REPORT_CATEGORY_ID,REPORT_NAME,
REPORT_IDENTIFIER, REPORT_JASPER) VALUES
(18,4,'Branch Due disbursement Report','branch_disbursement',NULL);
INSERT INTO report_jasper_map(REPORT_ID,REPORT_CATEGORY_ID,REPORT_NAME,
REPORT_IDENTIFIER, REPORT_JASPER) VALUES
(19,4,'Loans pending approval report',null,NULL);
INSERT INTO report_jasper_map(REPORT_ID,REPORT_CATEGORY_ID,REPORT_NAME,
REPORT_IDENTIFIER, REPORT_JASPER) VALUES
(20,4,'Loan Accounts reports',null,NULL);
INSERT INTO report_jasper_map(REPORT_ID,REPORT_CATEGORY_ID,REPORT_NAME,
REPORT_IDENTIFIER, REPORT_JASPER) VALUES
(21,5,'Daily Cash Confirmation Report - Staff Wise','staffwise_report',NULL);
INSERT INTO report_jasper_map(REPORT_ID,REPORT_CATEGORY_ID,REPORT_NAME,
REPORT_IDENTIFIER, REPORT_JASPER) VALUES
(22,5,'Daily Cash Flow Report - Branch','branchwise_report',NULL);
INSERT INTO report_jasper_map(REPORT_ID,REPORT_CATEGORY_ID,REPORT_NAME,
REPORT_IDENTIFIER, REPORT_JASPER) VALUES
(23,5,'Fund Requirement Report',null,NULL);
INSERT INTO report_jasper_map(REPORT_ID,REPORT_CATEGORY_ID,REPORT_NAME,
REPORT_IDENTIFIER, REPORT_JASPER) VALUES
(24,5,'Daily Transaction Summary report',null,NULL);
INSERT INTO report_jasper_map(REPORT_ID,REPORT_CATEGORY_ID,REPORT_NAME,
REPORT_IDENTIFIER, REPORT_JASPER) VALUES
(25,6,'Daily Portfolio quality data report - Aging analysis','analysis',NULL);
INSERT INTO report_jasper_map(REPORT_ID,REPORT_CATEGORY_ID,REPORT_NAME,
REPORT_IDENTIFIER, REPORT_JASPER) VALUES
(26,7,'Center Meeting Schedule','kendra_meeting',NULL);
INSERT INTO report_jasper_map(REPORT_ID,REPORT_CATEGORY_ID,REPORT_NAME,
REPORT_IDENTIFIER, REPORT_JASPER) VALUES
(27,4,'Loan Status Report',NULL,NULL);
-- end data for Reports Mini Portal

INSERT INTO LOOKUP_VALUE VALUES(570,87,' ');
INSERT INTO LOOKUP_VALUE_LOCALE VALUES(915,1,570,'Can reverse Loan disbursals');
INSERT INTO ACTIVITY(ACTIVITY_ID,PARENT_ID,ACTIVITY_NAME_LOOKUP_ID,DESCRIPTION_LOOKUP_ID) VALUES(202,99,570,570);
INSERT INTO ROLES_ACTIVITY VALUES (202,1);

INSERT INTO LOOKUP_VALUE VALUES(571,70,' ');
INSERT INTO LOOKUP_VALUE_LOCALE VALUES(916,1,571,'Loan reversal');
INSERT INTO ACCOUNT_STATE_FLAG(FLAG_ID,LOOKUP_ID,STATUS_ID,FLAG_DESCRIPTION,RETAIN_FLAG) VALUES(7,571,10,'Loan reversal',0);

INSERT INTO LOOKUP_VALUE VALUES(572,69,' ');
INSERT INTO LOOKUP_VALUE_LOCALE VALUES(917,1,572,'Loan Reversal');
INSERT INTO ACCOUNT_ACTION(ACCOUNT_ACTION_ID,LOOKUP_ID) VALUES(18,572);

INSERT INTO LOOKUP_VALUE VALUES(573,69,' ');
INSERT INTO LOOKUP_VALUE_LOCALE VALUES(918,1,573,'Disrbursal amount Reversal');
INSERT INTO ACCOUNT_ACTION(ACCOUNT_ACTION_ID,LOOKUP_ID) VALUES(19,573);

INSERT INTO LOOKUP_VALUE VALUES(574,87,' ');
INSERT INTO LOOKUP_VALUE_LOCALE VALUES(919,1,574,'Configuration Management');
INSERT INTO ACTIVITY(ACTIVITY_ID,PARENT_ID,ACTIVITY_NAME_LOOKUP_ID,DESCRIPTION_LOOKUP_ID) VALUES(203,NULL,574,574);
INSERT INTO ROLES_ACTIVITY VALUES (203,1);

INSERT INTO LOOKUP_VALUE VALUES(575,87,' ');
INSERT INTO LOOKUP_VALUE_LOCALE VALUES(920,1,575,'Can define labels');
INSERT INTO ACTIVITY(ACTIVITY_ID,PARENT_ID,ACTIVITY_NAME_LOOKUP_ID,DESCRIPTION_LOOKUP_ID) VALUES(204,203,575,575);
INSERT INTO ROLES_ACTIVITY VALUES (204,1);


INSERT INTO LOOKUP_ENTITY(ENTITY_ID,ENTITY_NAME,DESCRIPTION)
VALUES(91,'Repayment Rule','Repayment Rule Types');
INSERT INTO LOOKUP_VALUE(LOOKUP_ID,ENTITY_ID,LOOKUP_NAME)
VALUES(576,91,' ');
INSERT INTO LOOKUP_VALUE(LOOKUP_ID,ENTITY_ID,LOOKUP_NAME)
VALUES(577,91,' ');
INSERT INTO LOOKUP_VALUE(LOOKUP_ID,ENTITY_ID,LOOKUP_NAME)
VALUES(578,91,' ');
INSERT INTO LOOKUP_VALUE_LOCALE(LOOKUP_VALUE_ID,LOCALE_ID,LOOKUP_ID,LOOKUP_VALUE)
VALUES(921,1,576,'Same Day');
INSERT INTO LOOKUP_VALUE_LOCALE(LOOKUP_VALUE_ID,LOCALE_ID,LOOKUP_ID,LOOKUP_VALUE)
VALUES(922,1,577,'Next Meeting/Repayment');
INSERT INTO LOOKUP_VALUE_LOCALE(LOOKUP_VALUE_ID,LOCALE_ID,LOOKUP_ID,LOOKUP_VALUE)
VALUES(923,1,578,'Next Working Day');
INSERT INTO REPAYMENT_RULE(REPAYMENT_RULE_ID, REPAYMENT_RULE_LOOKUP_ID)
VALUES(1,576);
INSERT INTO REPAYMENT_RULE(REPAYMENT_RULE_ID, REPAYMENT_RULE_LOOKUP_ID)
VALUES(2,577);
INSERT INTO REPAYMENT_RULE(REPAYMENT_RULE_ID, REPAYMENT_RULE_LOOKUP_ID)
VALUES(3,578);

INSERT INTO LOOKUP_VALUE VALUES(579,87,' ');
INSERT INTO LOOKUP_VALUE_LOCALE VALUES(924,1,579,'Can define hidden/mandatory fields');
INSERT INTO ACTIVITY(ACTIVITY_ID,PARENT_ID,ACTIVITY_NAME_LOOKUP_ID,DESCRIPTION_LOOKUP_ID) VALUES(205,203,579,579);
INSERT INTO ROLES_ACTIVITY VALUES (205,1);
INSERT INTO FIELD_CONFIGURATION(FIELD_CONFIG_ID,FIELD_NAME,ENTITY_ID,MANDATORY_FLAG,HIDDEN_FLAG)
VALUES(74,'AssignClients',1,0,0);
